frame,timestamp_sec,landmark_index,landmark_name,x,y,z,visibility
0,0.0,0,nose,0.50963,0.27735,-0.00777,1.0
0,0.0,1,left_eye_inner,0.50227,0.27,-0.0113,1.0
0,0.0,2,left_eye,0.49639,0.26853,-0.01012,1.0
0,0.0,3,left_eye_outer,0.49051,0.26912,-0.00777,1.0
0,0.0,4,right_eye_inner,0.51698,0.27,-0.0113,1.0
0,0.0,5,right_eye,0.52286,0.26853,-0.01012,1.0
0,0.0,6,right_eye_outer,0.52874,0.26912,-0.00777,1.0
0,0.0,7,left_ear,0.48757,0.27441,-0.00483,1.0
0,0.0,8,right_ear,0.53169,0.27441,-0.00483,1.0
0,0.0,9,mouth_left,0.5008,0.28765,-0.01012,1.0
0,0.0,10,mouth_right,0.51845,0.28765,-0.01012,1.0
0,0.0,11,left_shoulder,0.43893,0.34794,-0.00923,1.0
0,0.0,12,right_shoulder,0.56107,0.34794,0.00923,1.0
0,0.0,13,left_elbow,0.46617,0.38632,-0.08386,1.0
0,0.0,14,right_elbow,0.53528,0.39406,-0.06143,1.0
0,0.0,15,left_wrist,0.48419,0.44972,-0.13323,1.0
0,0.0,16,right_wrist,0.52074,0.46466,-0.10126,1.0
0,0.0,17,left_pinky,0.48557,0.4701,-0.1491,1.0
0,0.0,18,right_pinky,0.51165,0.48735,-0.11406,1.0
0,0.0,19,left_index,0.49504,0.47237,-0.15086,1.0
0,0.0,20,right_index,0.51996,0.48988,-0.11548,1.0
0,0.0,21,left_thumb,0.48805,0.45743,-0.14822,1.0
0,0.0,22,right_thumb,0.51762,0.47391,-0.11421,1.0
0,0.0,23,left_hip,0.46926,0.495,-0.0,1.0
0,0.0,24,right_hip,0.53074,0.495,-0.0,1.0
0,0.0,25,left_knee,0.48382,0.62103,-0.02338,1.0
0,0.0,26,right_knee,0.53941,0.62103,-0.02338,1.0
0,0.0,27,left_ankle,0.47515,0.73529,-0.00294,1.0
0,0.0,28,right_ankle,0.52485,0.73529,-0.00294,1.0
0,0.0,29,left_heel,0.47515,0.74412,0.01471,1.0
0,0.0,30,right_heel,0.52485,0.74412,0.01471,1.0
0,0.0,31,left_foot_index,0.47515,0.75735,-0.03235,1.0
0,0.0,32,right_foot_index,0.52485,0.75735,-0.03235,1.0
1,0.033,0,nose,0.50956,0.27745,-0.00772,1.0
1,0.033,1,left_eye_inner,0.50221,0.2701,-0.01125,1.0
1,0.033,2,left_eye,0.49632,0.26863,-0.01008,1.0
1,0.033,3,left_eye_outer,0.49044,0.26921,-0.00772,1.0
1,0.033,4,right_eye_inner,0.51691,0.2701,-0.01125,1.0
1,0.033,5,right_eye,0.5228,0.26863,-0.01008,1.0
1,0.033,6,right_eye_outer,0.52868,0.26921,-0.00772,1.0
1,0.033,7,left_ear,0.4875,0.27451,-0.00478,1.0
1,0.033,8,right_ear,0.53162,0.27451,-0.00478,1.0
1,0.033,9,mouth_left,0.50074,0.28774,-0.01008,1.0
1,0.033,10,mouth_right,0.51838,0.28774,-0.01008,1.0
1,0.033,11,left_shoulder,0.43888,0.34804,-0.00958,1.0
1,0.033,12,right_shoulder,0.56091,0.34804,0.00958,1.0
1,0.033,13,left_elbow,0.46648,0.38621,-0.08419,1.0
1,0.033,14,right_elbow,0.53445,0.3938,-0.06106,1.0
1,0.033,15,left_wrist,0.48476,0.44951,-0.1336,1.0
1,0.033,16,right_wrist,0.51953,0.46432,-0.1009,1.0
1,0.033,17,left_pinky,0.48622,0.46986,-0.14948,1.0
1,0.033,18,right_pinky,0.51033,0.48698,-0.11371,1.0
1,0.033,19,left_index,0.4957,0.47212,-0.15124,1.0
1,0.033,20,right_index,0.51862,0.4895,-0.11513,1.0
1,0.033,21,left_thumb,0.48867,0.4572,-0.1486,1.0
1,0.033,22,right_thumb,0.51634,0.47354,-0.11385,1.0
1,0.033,23,left_hip,0.46916,0.4951,-0.0,1.0
1,0.033,24,right_hip,0.53063,0.4951,-0.0,1.0
1,0.033,25,left_knee,0.48375,0.62108,-0.02342,1.0
1,0.033,26,right_knee,0.53934,0.62108,-0.02342,1.0
1,0.033,27,left_ankle,0.47504,0.73529,-0.00294,1.0
1,0.033,28,right_ankle,0.52475,0.73529,-0.00294,1.0
1,0.033,29,left_heel,0.47504,0.74412,0.01471,1.0
1,0.033,30,right_heel,0.52475,0.74412,0.01471,1.0
1,0.033,31,left_foot_index,0.47504,0.75735,-0.03235,1.0
1,0.033,32,right_foot_index,0.52475,0.75735,-0.03235,1.0
2,0.067,0,nose,0.50937,0.27772,-0.00759,1.0
2,0.067,1,left_eye_inner,0.50202,0.27037,-0.01112,1.0
2,0.067,2,left_eye,0.49613,0.2689,-0.00994,1.0
2,0.067,3,left_eye_outer,0.49025,0.26949,-0.00759,1.0
2,0.067,4,right_eye_inner,0.51672,0.27037,-0.01112,1.0
2,0.067,5,right_eye,0.5226,0.2689,-0.00994,1.0
2,0.067,6,right_eye_outer,0.52849,0.26949,-0.00759,1.0
2,0.067,7,left_ear,0.48731,0.27478,-0.00465,1.0
2,0.067,8,right_ear,0.53143,0.27478,-0.00465,1.0
2,0.067,9,mouth_left,0.50055,0.28802,-0.00994,1.0
2,0.067,10,mouth_right,0.51819,0.28802,-0.00994,1.0
2,0.067,11,left_shoulder,0.43874,0.34831,-0.0106,1.0
2,0.067,12,right_shoulder,0.56044,0.34831,0.0106,1.0
2,0.067,13,left_elbow,0.46737,0.38591,-0.08511,1.0
2,0.067,14,right_elbow,0.53207,0.39305,-0.05997,1.0
2,0.067,15,left_wrist,0.48639,0.44891,-0.13462,1.0
2,0.067,16,right_wrist,0.51606,0.46332,-0.09981,1.0
2,0.067,17,left_pinky,0.48809,0.46916,-0.15053,1.0
2,0.067,18,right_pinky,0.5065,0.48591,-0.11262,1.0
2,0.067,19,left_index,0.49759,0.47141,-0.1523,1.0
2,0.067,20,right_index,0.51475,0.48842,-0.11404,1.0
2,0.067,21,left_thumb,0.49046,0.45653,-0.14964,1.0
2,0.067,22,right_thumb,0.51262,0.4725,-0.11276,1.0
2,0.067,23,left_hip,0.46885,0.49537,-0.0,1.0
2,0.067,24,right_hip,0.53032,0.49537,-0.0,1.0
2,0.067,25,left_knee,0.48356,0.62121,-0.02353,1.0
2,0.067,26,right_knee,0.53914,0.62121,-0.02353,1.0
2,0.067,27,left_ankle,0.47474,0.73529,-0.00294,1.0
2,0.067,28,right_ankle,0.52444,0.73529,-0.00294,1.0
2,0.067,29,left_heel,0.47474,0.74412,0.01471,1.0
2,0.067,30,right_heel,0.52444,0.74412,0.01471,1.0
2,0.067,31,left_foot_index,0.47474,0.75735,-0.03235,1.0
2,0.067,32,right_foot_index,0.52444,0.75735,-0.03235,1.0
3,0.1,0,nose,0.50906,0.27816,-0.00737,1.0
3,0.1,1,left_eye_inner,0.50171,0.2708,-0.0109,1.0
3,0.1,2,left_eye,0.49583,0.26933,-0.00973,1.0
3,0.1,3,left_eye_outer,0.48994,0.26992,-0.00737,1.0
3,0.1,4,right_eye_inner,0.51641,0.2708,-0.0109,1.0
3,0.1,5,right_eye,0.5223,0.26933,-0.00973,1.0
3,0.1,6,right_eye_outer,0.52818,0.26992,-0.00737,1.0
3,0.1,7,left_ear,0.487,0.27522,-0.00443,1.0
3,0.1,8,right_ear,0.53112,0.27522,-0.00443,1.0
3,0.1,9,mouth_left,0.50024,0.28845,-0.00973,1.0
3,0.1,10,mouth_right,0.51788,0.28845,-0.00973,1.0
3,0.1,11,left_shoulder,0.43856,0.34875,-0.01219,1.0
3,0.1,12,right_shoulder,0.55966,0.34875,0.01219,1.0
3,0.1,13,left_elbow,0.4688,0.38543,-0.08652,1.0
3,0.1,14,right_elbow,0.52828,0.39186,-0.05811,1.0
3,0.1,15,left_wrist,0.48901,0.44795,-0.13617,1.0
3,0.1,16,right_wrist,0.51051,0.46174,-0.09791,1.0
3,0.1,17,left_pinky,0.49109,0.46804,-0.15213,1.0
3,0.1,18,right_pinky,0.50039,0.4842,-0.1107,1.0
3,0.1,19,left_index,0.50063,0.47027,-0.1539,1.0
3,0.1,20,right_index,0.50858,0.48669,-0.11212,1.0
3,0.1,21,left_thumb,0.49333,0.45546,-0.15122,1.0
3,0.1,22,right_thumb,0.5067,0.47083,-0.11085,1.0
3,0.1,23,left_hip,0.46837,0.4958,-0.0,1.0
3,0.1,24,right_hip,0.52984,0.4958,-0.0,1.0
3,0.1,25,left_knee,0.48324,0.62143,-0.0237,1.0
3,0.1,26,right_knee,0.53883,0.62143,-0.0237,1.0
3,0.1,27,left_ankle,0.47425,0.73529,-0.00294,1.0
3,0.1,28,right_ankle,0.52396,0.73529,-0.00294,1.0
3,0.1,29,left_heel,0.47425,0.74412,0.01471,1.0
3,0.1,30,right_heel,0.52396,0.74412,0.01471,1.0
3,0.1,31,left_foot_index,0.47425,0.75735,-0.03235,1.0
3,0.1,32,right_foot_index,0.52396,0.75735,-0.03235,1.0
4,0.133,0,nose,0.50865,0.27873,-0.00708,1.0
4,0.133,1,left_eye_inner,0.50129,0.27138,-0.01061,1.0
4,0.133,2,left_eye,0.49541,0.26991,-0.00943,1.0
4,0.133,3,left_eye_outer,0.48953,0.27049,-0.00708,1.0
4,0.133,4,right_eye_inner,0.516,0.27138,-0.01061,1.0
4,0.133,5,right_eye,0.52188,0.26991,-0.00943,1.0
4,0.133,6,right_eye_outer,0.52776,0.27049,-0.00708,1.0
4,0.133,7,left_ear,0.48659,0.27579,-0.00414,1.0
4,0.133,8,right_ear,0.5307,0.27579,-0.00414,1.0
4,0.133,9,mouth_left,0.49982,0.28902,-0.00943,1.0
4,0.133,10,mouth_right,0.51747,0.28902,-0.00943,1.0
4,0.133,11,left_shoulder,0.43838,0.34932,-0.01427,1.0
4,0.133,12,right_shoulder,0.55856,0.34932,0.01427,1.0
4,0.133,13,left_elbow,0.47076,0.38478,-0.08829,1.0
4,0.133,14,right_elbow,0.52319,0.39025,-0.05543,1.0
4,0.133,15,left_wrist,0.49255,0.44665,-0.13809,1.0
4,0.133,16,right_wrist,0.50309,0.4596,-0.09503,1.0
4,0.133,17,left_pinky,0.49514,0.46654,-0.15409,1.0
4,0.133,18,right_pinky,0.49222,0.48189,-0.10776,1.0
4,0.133,19,left_index,0.50474,0.46875,-0.15587,1.0
4,0.133,20,right_index,0.50033,0.48437,-0.10918,1.0
4,0.133,21,left_thumb,0.49721,0.45403,-0.15317,1.0
4,0.133,22,right_thumb,0.49879,0.46858,-0.10793,1.0
4,0.133,23,left_hip,0.46774,0.49638,-0.0,1.0
4,0.133,24,right_hip,0.52921,0.49638,-0.0,1.0
4,0.133,25,left_knee,0.48283,0.62172,-0.02392,1.0
4,0.133,26,right_knee,0.53842,0.62172,-0.02392,1.0
4,0.133,27,left_ankle,0.47362,0.73529,-0.00294,1.0
4,0.133,28,right_ankle,0.52332,0.73529,-0.00294,1.0
4,0.133,29,left_heel,0.47362,0.74412,0.01471,1.0
4,0.133,30,right_heel,0.52332,0.74412,0.01471,1.0
4,0.133,31,left_foot_index,0.47362,0.75735,-0.03235,1.0
4,0.133,32,right_foot_index,0.52332,0.75735,-0.03235,1.0
5,0.167,0,nose,0.50813,0.27942,-0.00671,1.0
5,0.167,1,left_eye_inner,0.50077,0.27207,-0.01024,1.0
5,0.167,2,left_eye,0.49489,0.2706,-0.00906,1.0
5,0.167,3,left_eye_outer,0.48901,0.27119,-0.00671,1.0
5,0.167,4,right_eye_inner,0.51548,0.27207,-0.01024,1.0
5,0.167,5,right_eye,0.52136,0.2706,-0.00906,1.0
5,0.167,6,right_eye_outer,0.52724,0.27119,-0.00671,1.0
5,0.167,7,left_ear,0.48607,0.27648,-0.00377,1.0
5,0.167,8,right_ear,0.53019,0.27648,-0.00377,1.0
5,0.167,9,mouth_left,0.4993,0.28972,-0.00906,1.0
5,0.167,10,mouth_right,0.51695,0.28972,-0.00906,1.0
5,0.167,11,left_shoulder,0.43826,0.35001,-0.01677,1.0
5,0.167,12,right_shoulder,0.55715,0.35001,0.01677,1.0
5,0.167,13,left_elbow,0.47322,0.38399,-0.09032,1.0
5,0.167,14,right_elbow,0.51697,0.38826,-0.05184,1.0
5,0.167,15,left_wrist,0.49694,0.44506,-0.14021,1.0
5,0.167,16,right_wrist,0.49403,0.45697,-0.09103,1.0
5,0.167,17,left_pinky,0.50015,0.46469,-0.15625,1.0
5,0.167,18,right_pinky,0.48224,0.47905,-0.10362,1.0
5,0.167,19,left_index,0.50982,0.46687,-0.15804,1.0
5,0.167,20,right_index,0.49025,0.48151,-0.10502,1.0
5,0.167,21,left_thumb,0.50202,0.45226,-0.15532,1.0
5,0.167,22,right_thumb,0.48911,0.46581,-0.10383,1.0
5,0.167,23,left_hip,0.46697,0.49707,-0.0,1.0
5,0.167,24,right_hip,0.52844,0.49707,-0.0,1.0
5,0.167,25,left_knee,0.48233,0.62206,-0.02419,1.0
5,0.167,26,right_knee,0.53792,0.62206,-0.02419,1.0
5,0.167,27,left_ankle,0.47285,0.73529,-0.00294,1.0
5,0.167,28,right_ankle,0.52256,0.73529,-0.00294,1.0
5,0.167,29,left_heel,0.47285,0.74412,0.01471,1.0
5,0.167,30,right_heel,0.52256,0.74412,0.01471,1.0
5,0.167,31,left_foot_index,0.47285,0.75735,-0.03235,1.0
5,0.167,32,right_foot_index,0.52256,0.75735,-0.03235,1.0
6,0.2,0,nose,0.50751,0.28021,-0.00626,1.0
6,0.2,1,left_eye_inner,0.50016,0.27286,-0.00979,1.0
6,0.2,2,left_eye,0.49427,0.27139,-0.00861,1.0
6,0.2,3,left_eye_outer,0.48839,0.27198,-0.00626,1.0
6,0.2,4,right_eye_inner,0.51486,0.27286,-0.00979,1.0
6,0.2,5,right_eye,0.52075,0.27139,-0.00861,1.0
6,0.2,6,right_eye_outer,0.52663,0.27198,-0.00626,1.0
6,0.2,7,left_ear,0.48545,0.27727,-0.00332,1.0
6,0.2,8,right_ear,0.52957,0.27727,-0.00332,1.0
6,0.2,9,mouth_left,0.49869,0.29051,-0.00861,1.0
6,0.2,10,mouth_right,0.51633,0.29051,-0.00861,1.0
6,0.2,11,left_shoulder,0.43825,0.3508,-0.01959,1.0
6,0.2,12,right_shoulder,0.5554,0.3508,0.01959,1.0
6,0.2,13,left_elbow,0.47614,0.38307,-0.09245,1.0
6,0.2,14,right_elbow,0.5098,0.38594,-0.04728,1.0
6,0.2,15,left_wrist,0.50211,0.44319,-0.14238,1.0
6,0.2,16,right_wrist,0.48359,0.45389,-0.08573,1.0
6,0.2,17,left_pinky,0.50605,0.46252,-0.15843,1.0
6,0.2,18,right_pinky,0.47076,0.47573,-0.09808,1.0
6,0.2,19,left_index,0.5158,0.46466,-0.16021,1.0
6,0.2,20,right_index,0.47864,0.47815,-0.09946,1.0
6,0.2,21,left_thumb,0.50768,0.45019,-0.15749,1.0
6,0.2,22,right_thumb,0.47798,0.46256,-0.09838,1.0
6,0.2,23,left_hip,0.46609,0.49786,-0.0,1.0
6,0.2,24,right_hip,0.52756,0.49786,-0.0,1.0
6,0.2,25,left_knee,0.48176,0.62246,-0.02449,1.0
6,0.2,26,right_knee,0.53735,0.62246,-0.02449,1.0
6,0.2,27,left_ankle,0.47197,0.73529,-0.00294,1.0
6,0.2,28,right_ankle,0.52168,0.73529,-0.00294,1.0
6,0.2,29,left_heel,0.47197,0.74412,0.01471,1.0
6,0.2,30,right_heel,0.52168,0.74412,0.01471,1.0
6,0.2,31,left_foot_index,0.47197,0.75735,-0.03235,1.0
6,0.2,32,right_foot_index,0.52168,0.75735,-0.03235,1.0
7,0.233,0,nose,0.5068,0.28108,-0.00575,1.0
7,0.233,1,left_eye_inner,0.49945,0.27373,-0.00928,1.0
7,0.233,2,left_eye,0.49357,0.27226,-0.0081,1.0
7,0.233,3,left_eye_outer,0.48768,0.27285,-0.00575,1.0
7,0.233,4,right_eye_inner,0.51415,0.27373,-0.00928,1.0
7,0.233,5,right_eye,0.52004,0.27226,-0.0081,1.0
7,0.233,6,right_eye_outer,0.52592,0.27285,-0.00575,1.0
7,0.233,7,left_ear,0.48474,0.27814,-0.00281,1.0
7,0.233,8,right_ear,0.52886,0.27814,-0.00281,1.0
7,0.233,9,mouth_left,0.49798,0.29138,-0.0081,1.0
7,0.233,10,mouth_right,0.51563,0.29138,-0.0081,1.0
7,0.233,11,left_shoulder,0.43839,0.35167,-0.02265,1.0
7,0.233,12,right_shoulder,0.55332,0.35167,0.02265,1.0
7,0.233,13,left_elbow,0.47949,0.38204,-0.09458,1.0
7,0.233,14,right_elbow,0.50191,0.38332,-0.04171,1.0
7,0.233,15,left_wrist,0.50797,0.44109,-0.14442,1.0
7,0.233,16,right_wrist,0.47211,0.45041,-0.07902,1.0
7,0.233,17,left_pinky,0.51271,0.46007,-0.16045,1.0
7,0.233,18,right_pinky,0.45812,0.47198,-0.09101,1.0
7,0.233,19,left_index,0.52255,0.46218,-0.16223,1.0
7,0.233,20,right_index,0.46588,0.47437,-0.09235,1.0
7,0.233,21,left_thumb,0.51407,0.44786,-0.15952,1.0
7,0.233,22,right_thumb,0.46572,0.45891,-0.09143,1.0
7,0.233,23,left_hip,0.46512,0.49873,-0.0,1.0
7,0.233,24,right_hip,0.52659,0.49873,-0.0,1.0
7,0.233,25,left_knee,0.48113,0.62289,-0.02483,1.0
7,0.233,26,right_knee,0.53672,0.62289,-0.02483,1.0
7,0.233,27,left_ankle,0.471,0.73529,-0.00294,1.0
7,0.233,28,right_ankle,0.52071,0.73529,-0.00294,1.0
7,0.233,29,left_heel,0.471,0.74412,0.01471,1.0
7,0.233,30,right_heel,0.52071,0.74412,0.01471,1.0
7,0.233,31,left_foot_index,0.471,0.75735,-0.03235,1.0
7,0.233,32,right_foot_index,0.52071,0.75735,-0.03235,1.0
8,0.267,0,nose,0.50601,0.28201,-0.00518,1.0
8,0.267,1,left_eye_inner,0.49865,0.27466,-0.00871,1.0
8,0.267,2,left_eye,0.49277,0.27319,-0.00753,1.0
8,0.267,3,left_eye_outer,0.48689,0.27378,-0.00518,1.0
8,0.267,4,right_eye_inner,0.51336,0.27466,-0.00871,1.0
8,0.267,5,right_eye,0.51924,0.27319,-0.00753,1.0
8,0.267,6,right_eye_outer,0.52513,0.27378,-0.00518,1.0
8,0.267,7,left_ear,0.48395,0.27907,-0.00224,1.0
8,0.267,8,right_ear,0.52807,0.27907,-0.00224,1.0
8,0.267,9,mouth_left,0.49718,0.29231,-0.00753,1.0
8,0.267,10,mouth_right,0.51483,0.29231,-0.00753,1.0
8,0.267,11,left_shoulder,0.43872,0.3526,-0.02584,1.0
8,0.267,12,right_shoulder,0.55092,0.3526,0.02584,1.0
8,0.267,13,left_elbow,0.4832,0.38092,-0.09659,1.0
8,0.267,14,right_elbow,0.49356,0.38046,-0.03515,1.0
8,0.267,15,left_wrist,0.51439,0.43878,-0.1462,1.0
8,0.267,16,right_wrist,0.45996,0.44661,-0.07087,1.0
8,0.267,17,left_pinky,0.52,0.45738,-0.16215,1.0
8,0.267,18,right_pinky,0.44474,0.46787,-0.08236,1.0
8,0.267,19,left_index,0.52994,0.45944,-0.16392,1.0
8,0.267,20,right_index,0.45237,0.47023,-0.08363,1.0
8,0.267,21,left_thumb,0.52107,0.44529,-0.16125,1.0
8,0.267,22,right_thumb,0.45275,0.4549,-0.08294,1.0
8,0.267,23,left_hip,0.46409,0.49966,-0.0,1.0
8,0.267,24,right_hip,0.52556,0.49966,-0.0,1.0
8,0.267,25,left_knee,0.48046,0.62336,-0.02519,1.0
8,0.267,26,right_knee,0.53605,0.62336,-0.02519,1.0
8,0.267,27,left_ankle,0.46997,0.73529,-0.00294,1.0
8,0.267,28,right_ankle,0.51968,0.73529,-0.00294,1.0
8,0.267,29,left_heel,0.46997,0.74412,0.01471,1.0
8,0.267,30,right_heel,0.51968,0.74412,0.01471,1.0
8,0.267,31,left_foot_index,0.46997,0.75735,-0.03235,1.0
8,0.267,32,right_foot_index,0.51968,0.75735,-0.03235,1.0
9,0.3,0,nose,0.50514,0.28298,-0.00456,1.0
9,0.3,1,left_eye_inner,0.49778,0.27563,-0.00809,1.0
9,0.3,2,left_eye,0.4919,0.27416,-0.00691,1.0
9,0.3,3,left_eye_outer,0.48602,0.27475,-0.00456,1.0
9,0.3,4,right_eye_inner,0.51249,0.27563,-0.00809,1.0
9,0.3,5,right_eye,0.51837,0.27416,-0.00691,1.0
9,0.3,6,right_eye_outer,0.52425,0.27475,-0.00456,1.0
9,0.3,7,left_ear,0.48308,0.28004,-0.00162,1.0
9,0.3,8,right_ear,0.5272,0.28004,-0.00162,1.0
9,0.3,9,mouth_left,0.49631,0.29328,-0.00691,1.0
9,0.3,10,mouth_right,0.51396,0.29328,-0.00691,1.0
9,0.3,11,left_shoulder,0.43926,0.35357,-0.02908,1.0
9,0.3,12,right_shoulder,0.54824,0.35357,0.02908,1.0
9,0.3,13,left_elbow,0.48719,0.37974,-0.09838,1.0
9,0.3,14,right_elbow,0.48503,0.37741,-0.02769,1.0
9,0.3,15,left_wrist,0.52124,0.43631,-0.1476,1.0
9,0.3,16,right_wrist,0.44754,0.44255,-0.06135,1.0
9,0.3,17,left_pinky,0.52777,0.45449,-0.16343,1.0
9,0.3,18,right_pinky,0.43108,0.46349,-0.07217,1.0
9,0.3,19,left_index,0.53781,0.45651,-0.16518,1.0
9,0.3,20,right_index,0.43857,0.46581,-0.07338,1.0
9,0.3,21,left_thumb,0.52854,0.44255,-0.16256,1.0
9,0.3,22,right_thumb,0.43951,0.45063,-0.07298,1.0
9,0.3,23,left_hip,0.46301,0.50063,-0.0,1.0
9,0.3,24,right_hip,0.52448,0.50063,-0.0,1.0
9,0.3,25,left_knee,0.47976,0.62384,-0.02557,1.0
9,0.3,26,right_knee,0.53535,0.62384,-0.02557,1.0
9,0.3,27,left_ankle,0.46889,0.73529,-0.00294,1.0
9,0.3,28,right_ankle,0.5186,0.73529,-0.00294,1.0
9,0.3,29,left_heel,0.46889,0.74412,0.01471,1.0
9,0.3,30,right_heel,0.5186,0.74412,0.01471,1.0
9,0.3,31,left_foot_index,0.46889,0.75735,-0.03235,1.0
9,0.3,32,right_foot_index,0.5186,0.75735,-0.03235,1.0
10,0.333,0,nose,0.5042,0.28397,-0.0039,1.0
10,0.333,1,left_eye_inner,0.49685,0.27662,-0.00743,1.0
10,0.333,2,left_eye,0.49096,0.27515,-0.00626,1.0
10,0.333,3,left_eye_outer,0.48508,0.27574,-0.0039,1.0
10,0.333,4,right_eye_inner,0.51155,0.27662,-0.00743,1.0
10,0.333,5,right_eye,0.51744,0.27515,-0.00626,1.0
10,0.333,6,right_eye_outer,0.52332,0.27574,-0.0039,1.0
10,0.333,7,left_ear,0.48214,0.28103,-0.00096,1.0
10,0.333,8,right_ear,0.52626,0.28103,-0.00096,1.0
10,0.333,9,mouth_left,0.49538,0.29426,-0.00626,1.0
10,0.333,10,mouth_right,0.51302,0.29426,-0.00626,1.0
10,0.333,11,left_shoulder,0.43999,0.35456,-0.03228,1.0
10,0.333,12,right_shoulder,0.5453,0.35456,0.03228,1.0
10,0.333,13,left_elbow,0.49138,0.37852,-0.09989,1.0
10,0.333,14,right_elbow,0.47661,0.37424,-0.01948,1.0
10,0.333,15,left_wrist,0.52837,0.43371,-0.14854,1.0
10,0.333,16,right_wrist,0.43529,0.43832,-0.05062,1.0
10,0.333,17,left_pinky,0.53585,0.45146,-0.16418,1.0
10,0.333,18,right_pinky,0.4176,0.45891,-0.06063,1.0
10,0.333,19,left_index,0.54599,0.45343,-0.16592,1.0
10,0.333,20,right_index,0.42495,0.4612,-0.06174,1.0
10,0.333,21,left_thumb,0.5363,0.43966,-0.16338,1.0
10,0.333,22,right_thumb,0.42644,0.44616,-0.0617,1.0
10,0.333,23,left_hip,0.46191,0.50162,-0.0,1.0
10,0.333,24,right_hip,0.52338,0.50162,-0.0,1.0
10,0.333,25,left_knee,0.47904,0.62434,-0.02596,1.0
10,0.333,26,right_knee,0.53463,0.62434,-0.02596,1.0
10,0.333,27,left_ankle,0.46779,0.73529,-0.00294,1.0
10,0.333,28,right_ankle,0.5175,0.73529,-0.00294,1.0
10,0.333,29,left_heel,0.46779,0.74412,0.01471,1.0
10,0.333,30,right_heel,0.5175,0.74412,0.01471,1.0
10,0.333,31,left_foot_index,0.46779,0.75735,-0.03235,1.0
10,0.333,32,right_foot_index,0.5175,0.75735,-0.03235,1.0
11,0.367,0,nose,0.50321,0.28496,-0.00323,1.0
11,0.367,1,left_eye_inner,0.49586,0.27761,-0.00676,1.0
11,0.367,2,left_eye,0.48998,0.27614,-0.00558,1.0
11,0.367,3,left_eye_outer,0.4841,0.27672,-0.00323,1.0
11,0.367,4,right_eye_inner,0.51057,0.27761,-0.00676,1.0
11,0.367,5,right_eye,0.51645,0.27614,-0.00558,1.0
11,0.367,6,right_eye_outer,0.52233,0.27672,-0.00323,1.0
11,0.367,7,left_ear,0.48115,0.28202,-0.00029,1.0
11,0.367,8,right_ear,0.52527,0.28202,-0.00029,1.0
11,0.367,9,mouth_left,0.49439,0.29525,-0.00558,1.0
11,0.367,10,mouth_right,0.51204,0.29525,-0.00558,1.0
11,0.367,11,left_shoulder,0.44092,0.35555,-0.03537,1.0
11,0.367,12,right_shoulder,0.54218,0.35555,0.03537,1.0
11,0.367,13,left_elbow,0.49567,0.37728,-0.10106,1.0
11,0.367,14,right_elbow,0.46857,0.37103,-0.01076,1.0
11,0.367,15,left_wrist,0.53561,0.43105,-0.14897,1.0
11,0.367,16,right_wrist,0.4236,0.434,-0.03894,1.0
11,0.367,17,left_pinky,0.54403,0.44834,-0.16437,1.0
11,0.367,18,right_pinky,0.40473,0.45424,-0.04801,1.0
11,0.367,19,left_index,0.55428,0.45026,-0.16609,1.0
11,0.367,20,right_index,0.41195,0.45648,-0.04901,1.0
11,0.367,21,left_thumb,0.54416,0.43669,-0.16365,1.0
11,0.367,22,right_thumb,0.41396,0.44161,-0.0494,1.0
11,0.367,23,left_hip,0.46081,0.50261,-0.0,1.0
11,0.367,24,right_hip,0.52228,0.50261,-0.0,1.0
11,0.367,25,left_knee,0.47833,0.62483,-0.02634,1.0
11,0.367,26,right_knee,0.53392,0.62483,-0.02634,1.0
11,0.367,27,left_ankle,0.46669,0.73529,-0.00294,1.0
11,0.367,28,right_ankle,0.5164,0.73529,-0.00294,1.0
11,0.367,29,left_heel,0.46669,0.74412,0.01471,1.0
11,0.367,30,right_heel,0.5164,0.74412,0.01471,1.0
11,0.367,31,left_foot_index,0.46669,0.75735,-0.03235,1.0
11,0.367,32,right_foot_index,0.5164,0.75735,-0.03235,1.0
12,0.4,0,nose,0.50219,0.28593,-0.00256,1.0
12,0.4,1,left_eye_inner,0.49484,0.27858,-0.00609,1.0
12,0.4,2,left_eye,0.48896,0.27711,-0.00491,1.0
12,0.4,3,left_eye_outer,0.48308,0.27769,-0.00256,1.0
12,0.4,4,right_eye_inner,0.50955,0.27858,-0.00609,1.0
12,0.4,5,right_eye,0.51543,0.27711,-0.00491,1.0
12,0.4,6,right_eye_outer,0.52131,0.27769,-0.00256,1.0
12,0.4,7,left_ear,0.48014,0.28299,0.00038,1.0
12,0.4,8,right_ear,0.52425,0.28299,0.00038,1.0
12,0.4,9,mouth_left,0.49337,0.29622,-0.00491,1.0
12,0.4,10,mouth_right,0.51102,0.29622,-0.00491,1.0
12,0.4,11,left_shoulder,0.442,0.35652,-0.03828,1.0
12,0.4,12,right_shoulder,0.53894,0.35652,0.03828,1.0
12,0.4,13,left_elbow,0.49994,0.37605,-0.10189,1.0
12,0.4,14,right_elbow,0.46115,0.36785,-0.00179,1.0
12,0.4,15,left_wrist,0.54276,0.42838,-0.1489,1.0
12,0.4,16,right_wrist,0.4128,0.42969,-0.02669,1.0
12,0.4,17,left_pinky,0.55212,0.4452,-0.16401,1.0
12,0.4,18,right_pinky,0.39285,0.44957,-0.03469,1.0
12,0.4,19,left_index,0.56247,0.44706,-0.16569,1.0
12,0.4,20,right_index,0.39994,0.45177,-0.03558,1.0
12,0.4,21,left_thumb,0.55194,0.43371,-0.16339,1.0
12,0.4,22,right_thumb,0.40244,0.43706,-0.03644,1.0
12,0.4,23,left_hip,0.45974,0.50358,-0.0,1.0
12,0.4,24,right_hip,0.52121,0.50358,-0.0,1.0
12,0.4,25,left_knee,0.47763,0.62532,-0.02672,1.0
12,0.4,26,right_knee,0.53322,0.62532,-0.02672,1.0
12,0.4,27,left_ankle,0.46562,0.73529,-0.00294,1.0
12,0.4,28,right_ankle,0.51532,0.73529,-0.00294,1.0
12,0.4,29,left_heel,0.46562,0.74412,0.01471,1.0
12,0.4,30,right_heel,0.51532,0.74412,0.01471,1.0
12,0.4,31,left_foot_index,0.46562,0.75735,-0.03235,1.0
12,0.4,32,right_foot_index,0.51532,0.75735,-0.03235,1.0
13,0.433,0,nose,0.50117,0.28686,-0.0019,1.0
13,0.433,1,left_eye_inner,0.49382,0.27951,-0.00543,1.0
13,0.433,2,left_eye,0.48793,0.27804,-0.00426,1.0
13,0.433,3,left_eye_outer,0.48205,0.27862,-0.0019,1.0
13,0.433,4,right_eye_inner,0.50852,0.27951,-0.00543,1.0
13,0.433,5,right_eye,0.5144,0.27804,-0.00426,1.0
13,0.433,6,right_eye_outer,0.52029,0.27862,-0.0019,1.0
13,0.433,7,left_ear,0.47911,0.28392,0.00104,1.0
13,0.433,8,right_ear,0.52323,0.28392,0.00104,1.0
13,0.433,9,mouth_left,0.49234,0.29715,-0.00426,1.0
13,0.433,10,mouth_right,0.50999,0.29715,-0.00426,1.0
13,0.433,11,left_shoulder,0.44319,0.35745,-0.04094,1.0
13,0.433,12,right_shoulder,0.53568,0.35745,0.04094,1.0
13,0.433,13,left_elbow,0.50408,0.37486,-0.10238,1.0
13,0.433,14,right_elbow,0.45452,0.36477,0.00712,1.0
13,0.433,15,left_wrist,0.54966,0.42575,-0.14836,1.0
13,0.433,16,right_wrist,0.40316,0.42549,-0.01428,1.0
13,0.433,17,left_pinky,0.5599,0.4421,-0.16314,1.0
13,0.433,18,right_pinky,0.38224,0.44501,-0.02116,1.0
13,0.433,19,left_index,0.57035,0.44392,-0.16479,1.0
13,0.433,20,right_index,0.38923,0.44718,-0.02192,1.0
13,0.433,21,left_thumb,0.55943,0.43077,-0.16263,1.0
13,0.433,22,right_thumb,0.39216,0.43262,-0.02328,1.0
13,0.433,23,left_hip,0.4587,0.50451,-0.0,1.0
13,0.433,24,right_hip,0.52017,0.50451,-0.0,1.0
13,0.433,25,left_knee,0.47696,0.62578,-0.02708,1.0
13,0.433,26,right_knee,0.53255,0.62578,-0.02708,1.0
13,0.433,27,left_ankle,0.46458,0.73529,-0.00294,1.0
13,0.433,28,right_ankle,0.51429,0.73529,-0.00294,1.0
13,0.433,29,left_heel,0.46458,0.74412,0.01471,1.0
13,0.433,30,right_heel,0.51429,0.74412,0.01471,1.0
13,0.433,31,left_foot_index,0.46458,0.75735,-0.03235,1.0
13,0.433,32,right_foot_index,0.51429,0.75735,-0.03235,1.0
14,0.467,0,nose,0.50016,0.28773,-0.00129,1.0
14,0.467,1,left_eye_inner,0.49281,0.28038,-0.00482,1.0
14,0.467,2,left_eye,0.48693,0.27891,-0.00364,1.0
14,0.467,3,left_eye_outer,0.48105,0.27949,-0.00129,1.0
14,0.467,4,right_eye_inner,0.50752,0.28038,-0.00482,1.0
14,0.467,5,right_eye,0.5134,0.27891,-0.00364,1.0
14,0.467,6,right_eye_outer,0.51928,0.27949,-0.00129,1.0
14,0.467,7,left_ear,0.4781,0.28479,0.00166,1.0
14,0.467,8,right_ear,0.52222,0.28479,0.00166,1.0
14,0.467,9,mouth_left,0.49134,0.29802,-0.00364,1.0
14,0.467,10,mouth_right,0.50899,0.29802,-0.00364,1.0
14,0.467,11,left_shoulder,0.44444,0.35832,-0.04331,1.0
14,0.467,12,right_shoulder,0.5325,0.35832,0.04331,1.0
14,0.467,13,left_elbow,0.50798,0.37373,-0.10256,1.0
14,0.467,14,right_elbow,0.44879,0.36188,0.01565,1.0
14,0.467,15,left_wrist,0.55612,0.42323,-0.14744,1.0
14,0.467,16,right_wrist,0.39486,0.42151,-0.00218,1.0
14,0.467,17,left_pinky,0.56719,0.43914,-0.16187,1.0
14,0.467,18,right_pinky,0.37311,0.44068,-0.0079,1.0
14,0.467,19,left_index,0.57773,0.44091,-0.16347,1.0
14,0.467,20,right_index,0.38001,0.44281,-0.00854,1.0
14,0.467,21,left_thumb,0.56644,0.42795,-0.16147,1.0
14,0.467,22,right_thumb,0.3833,0.42841,-0.01041,1.0
14,0.467,23,left_hip,0.45774,0.50538,-0.0,1.0
14,0.467,24,right_hip,0.51921,0.50538,-0.0,1.0
14,0.467,25,left_knee,0.47633,0.62622,-0.02742,1.0
14,0.467,26,right_knee,0.53192,0.62622,-0.02742,1.0
14,0.467,27,left_ankle,0.46362,0.73529,-0.00294,1.0
14,0.467,28,right_ankle,0.51332,0.73529,-0.00294,1.0
14,0.467,29,left_heel,0.46362,0.74412,0.01471,1.0
14,0.467,30,right_heel,0.51332,0.74412,0.01471,1.0
14,0.467,31,left_foot_index,0.46362,0.75735,-0.03235,1.0
14,0.467,32,right_foot_index,0.51332,0.75735,-0.03235,1.0
15,0.5,0,nose,0.49921,0.28852,-0.00072,1.0
15,0.5,1,left_eye_inner,0.49186,0.28117,-0.00425,1.0
15,0.5,2,left_eye,0.48598,0.2797,-0.00307,1.0
15,0.5,3,left_eye_outer,0.48009,0.28028,-0.00072,1.0
15,0.5,4,right_eye_inner,0.50656,0.28117,-0.00425,1.0
15,0.5,5,right_eye,0.51245,0.2797,-0.00307,1.0
15,0.5,6,right_eye_outer,0.51833,0.28028,-0.00072,1.0
15,0.5,7,left_ear,0.47715,0.28558,0.00222,1.0
15,0.5,8,right_ear,0.52127,0.28558,0.00222,1.0
15,0.5,9,mouth_left,0.49039,0.29881,-0.00307,1.0
15,0.5,10,mouth_right,0.50804,0.29881,-0.00307,1.0
15,0.5,11,left_shoulder,0.44568,0.35911,-0.04537,1.0
15,0.5,12,right_shoulder,0.5295,0.35911,0.04537,1.0
15,0.5,13,left_elbow,0.51154,0.3727,-0.1025,1.0
15,0.5,14,right_elbow,0.44402,0.35925,0.0235,1.0
15,0.5,15,left_wrist,0.56198,0.4209,-0.14626,1.0
15,0.5,16,right_wrist,0.38797,0.41785,0.00916,1.0
15,0.5,17,left_pinky,0.57378,0.43639,-0.16032,1.0
15,0.5,18,right_pinky,0.36554,0.43669,0.00455,1.0
15,0.5,19,left_index,0.58441,0.43811,-0.16188,1.0
15,0.5,20,right_index,0.37236,0.43878,0.00403,1.0
15,0.5,21,left_thumb,0.57279,0.42534,-0.16004,1.0
15,0.5,22,right_thumb,0.37596,0.42453,0.00167,1.0
15,0.5,23,left_hip,0.45686,0.50617,-0.0,1.0
15,0.5,24,right_hip,0.51833,0.50617,-0.0,1.0
15,0.5,25,left_knee,0.47576,0.62661,-0.02773,1.0
15,0.5,26,right_knee,0.53135,0.62661,-0.02773,1.0
15,0.5,27,left_ankle,0.46274,0.73529,-0.00294,1.0
15,0.5,28,right_ankle,0.51244,0.73529,-0.00294,1.0
15,0.5,29,left_heel,0.46274,0.74412,0.01471,1.0
15,0.5,30,right_heel,0.51244,0.74412,0.01471,1.0
15,0.5,31,left_foot_index,0.46274,0.75735,-0.03235,1.0
15,0.5,32,right_foot_index,0.51244,0.75735,-0.03235,1.0
16,0.533,0,nose,0.49835,0.28921,-0.00023,1.0
16,0.533,1,left_eye_inner,0.491,0.28186,-0.00376,1.0
16,0.533,2,left_eye,0.48511,0.28039,-0.00258,1.0
16,0.533,3,left_eye_outer,0.47923,0.28098,-0.00023,1.0
16,0.533,4,right_eye_inner,0.5057,0.28186,-0.00376,1.0
16,0.533,5,right_eye,0.51159,0.28039,-0.00258,1.0
16,0.533,6,right_eye_outer,0.51747,0.28098,-0.00023,1.0
16,0.533,7,left_ear,0.47629,0.28627,0.00271,1.0
16,0.533,8,right_ear,0.52041,0.28627,0.00271,1.0
16,0.533,9,mouth_left,0.48953,0.29951,-0.00258,1.0
16,0.533,10,mouth_right,0.50717,0.29951,-0.00258,1.0
16,0.533,11,left_shoulder,0.44685,0.3598,-0.04708,1.0
16,0.533,12,right_shoulder,0.5268,0.3598,0.04708,1.0
16,0.533,13,left_elbow,0.51464,0.3718,-0.10226,1.0
16,0.533,14,right_elbow,0.44021,0.35694,0.03039,1.0
16,0.533,15,left_wrist,0.56708,0.41882,-0.14494,1.0
16,0.533,16,right_wrist,0.38249,0.41462,0.01927,1.0
16,0.533,17,left_pinky,0.57952,0.43393,-0.15866,1.0
16,0.533,18,right_pinky,0.35953,0.43316,0.01569,1.0
16,0.533,19,left_index,0.59022,0.43561,-0.16019,1.0
16,0.533,20,right_index,0.36629,0.43522,0.01529,1.0
16,0.533,21,left_thumb,0.57831,0.42301,-0.1585,1.0
16,0.533,22,right_thumb,0.37012,0.4211,0.01247,1.0
16,0.533,23,left_hip,0.45609,0.50686,-0.0,1.0
16,0.533,24,right_hip,0.51756,0.50686,-0.0,1.0
16,0.533,25,left_knee,0.47526,0.62696,-0.02799,1.0
16,0.533,26,right_knee,0.53085,0.62696,-0.02799,1.0
16,0.533,27,left_ankle,0.46197,0.73529,-0.00294,1.0
16,0.533,28,right_ankle,0.51168,0.73529,-0.00294,1.0
16,0.533,29,left_heel,0.46197,0.74412,0.01471,1.0
16,0.533,30,right_heel,0.51168,0.74412,0.01471,1.0
16,0.533,31,left_foot_index,0.46197,0.75735,-0.03235,1.0
16,0.533,32,right_foot_index,0.51168,0.75735,-0.03235,1.0
17,0.567,0,nose,0.49761,0.28978,0.00018,1.0
17,0.567,1,left_eye_inner,0.49026,0.28243,-0.00335,1.0
17,0.567,2,left_eye,0.48438,0.28096,-0.00217,1.0
17,0.567,3,left_eye_outer,0.4785,0.28155,0.00018,1.0
17,0.567,4,right_eye_inner,0.50497,0.28243,-0.00335,1.0
17,0.567,5,right_eye,0.51085,0.28096,-0.00217,1.0
17,0.567,6,right_eye_outer,0.51673,0.28155,0.00018,1.0
17,0.567,7,left_ear,0.47556,0.28684,0.00312,1.0
17,0.567,8,right_ear,0.51967,0.28684,0.00312,1.0
17,0.567,9,mouth_left,0.48879,0.30008,-0.00217,1.0
17,0.567,10,mouth_right,0.50644,0.30008,-0.00217,1.0
17,0.567,11,left_shoulder,0.44786,0.36037,-0.04844,1.0
17,0.567,12,right_shoulder,0.52451,0.36037,0.04844,1.0
17,0.567,13,left_elbow,0.5172,0.37105,-0.10195,1.0
17,0.567,14,right_elbow,0.43731,0.35504,0.03609,1.0
17,0.567,15,left_wrist,0.57127,0.41707,-0.14367,1.0
17,0.567,16,right_wrist,0.37836,0.41193,0.02774,1.0
17,0.567,17,left_pinky,0.58423,0.43187,-0.15708,1.0
17,0.567,18,right_pinky,0.35499,0.43022,0.02506,1.0
17,0.567,19,left_index,0.59499,0.43351,-0.15857,1.0
17,0.567,20,right_index,0.36171,0.43225,0.02476,1.0
17,0.567,21,left_thumb,0.58285,0.42105,-0.15702,1.0
17,0.567,22,right_thumb,0.36572,0.41824,0.02154,1.0
17,0.567,23,left_hip,0.45545,0.50743,-0.0,1.0
17,0.567,24,right_hip,0.51692,0.50743,-0.0,1.0
17,0.567,25,left_knee,0.47485,0.62725,-0.02822,1.0
17,0.567,26,right_knee,0.53043,0.62725,-0.02822,1.0
17,0.567,27,left_ankle,0.46133,0.73529,-0.00294,1.0
17,0.567,28,right_ankle,0.51104,0.73529,-0.00294,1.0
17,0.567,29,left_heel,0.46133,0.74412,0.01471,1.0
17,0.567,30,right_heel,0.51104,0.74412,0.01471,1.0
17,0.567,31,left_foot_index,0.46133,0.75735,-0.03235,1.0
17,0.567,32,right_foot_index,0.51104,0.75735,-0.03235,1.0
18,0.6,0,nose,0.49705,0.29022,0.00048,1.0
18,0.6,1,left_eye_inner,0.48969,0.28286,-0.00304,1.0
18,0.6,2,left_eye,0.48381,0.28139,-0.00187,1.0
18,0.6,3,left_eye_outer,0.47793,0.28198,0.00048,1.0
18,0.6,4,right_eye_inner,0.5044,0.28286,-0.00304,1.0
18,0.6,5,right_eye,0.51028,0.28139,-0.00187,1.0
18,0.6,6,right_eye_outer,0.51616,0.28198,0.00048,1.0
18,0.6,7,left_ear,0.47499,0.28728,0.00343,1.0
18,0.6,8,right_ear,0.5191,0.28728,0.00343,1.0
18,0.6,9,mouth_left,0.48822,0.30051,-0.00187,1.0
18,0.6,10,mouth_right,0.50587,0.30051,-0.00187,1.0
18,0.6,11,left_shoulder,0.44866,0.36081,-0.04942,1.0
18,0.6,12,right_shoulder,0.52275,0.36081,0.04942,1.0
18,0.6,13,left_elbow,0.51913,0.37047,-0.10163,1.0
18,0.6,14,right_elbow,0.43528,0.3536,0.04038,1.0
18,0.6,15,left_wrist,0.57442,0.41574,-0.14258,1.0
18,0.6,16,right_wrist,0.37547,0.40988,0.0342,1.0
18,0.6,17,left_pinky,0.58777,0.43029,-0.15575,1.0
18,0.6,18,right_pinky,0.35184,0.42797,0.03221,1.0
18,0.6,19,left_index,0.59857,0.4319,-0.15721,1.0
18,0.6,20,right_index,0.35853,0.42998,0.03199,1.0
18,0.6,21,left_thumb,0.58626,0.41955,-0.15577,1.0
18,0.6,22,right_thumb,0.36266,0.41606,0.02846,1.0
18,0.6,23,left_hip,0.45497,0.50786,-0.0,1.0
18,0.6,24,right_hip,0.51644,0.50786,-0.0,1.0
18,0.6,25,left_knee,0.47453,0.62746,-0.02839,1.0
18,0.6,26,right_knee,0.53012,0.62746,-0.02839,1.0
18,0.6,27,left_ankle,0.46085,0.73529,-0.00294,1.0
18,0.6,28,right_ankle,0.51056,0.73529,-0.00294,1.0
18,0.6,29,left_heel,0.46085,0.74412,0.01471,1.0
18,0.6,30,right_heel,0.51056,0.74412,0.01471,1.0
18,0.6,31,left_foot_index,0.46085,0.75735,-0.03235,1.0
18,0.6,32,right_foot_index,0.51056,0.75735,-0.03235,1.0
19,0.633,0,nose,0.49668,0.29049,0.00068,1.0
19,0.633,1,left_eye_inner,0.48933,0.28314,-0.00285,1.0
19,0.633,2,left_eye,0.48344,0.28167,-0.00167,1.0
19,0.633,3,left_eye_outer,0.47756,0.28226,0.00068,1.0
19,0.633,4,right_eye_inner,0.50403,0.28314,-0.00285,1.0
19,0.633,5,right_eye,0.50991,0.28167,-0.00167,1.0
19,0.633,6,right_eye_outer,0.5158,0.28226,0.00068,1.0
19,0.633,7,left_ear,0.47462,0.28755,0.00362,1.0
19,0.633,8,right_ear,0.51874,0.28755,0.00362,1.0
19,0.633,9,mouth_left,0.48785,0.30079,-0.00167,1.0
19,0.633,10,mouth_right,0.5055,0.30079,-0.00167,1.0
19,0.633,11,left_shoulder,0.44918,0.36108,-0.05003,1.0
19,0.633,12,right_shoulder,0.52162,0.36108,0.05003,1.0
19,0.633,13,left_elbow,0.52035,0.37011,-0.1014,1.0
19,0.633,14,right_elbow,0.43406,0.35269,0.04309,1.0
19,0.633,15,left_wrist,0.5764,0.41488,-0.14185,1.0
19,0.633,16,right_wrist,0.37376,0.40857,0.03831,1.0
19,0.633,17,left_pinky,0.59001,0.42927,-0.15485,1.0
19,0.633,18,right_pinky,0.34997,0.42654,0.03677,1.0
19,0.633,19,left_index,0.60083,0.43087,-0.15629,1.0
19,0.633,20,right_index,0.35664,0.42853,0.0366,1.0
19,0.633,21,left_thumb,0.58841,0.41859,-0.15493,1.0
19,0.633,22,right_thumb,0.36084,0.41467,0.03287,1.0
19,0.633,23,left_hip,0.45467,0.50814,-0.0,1.0
19,0.633,24,right_hip,0.51614,0.50814,-0.0,1.0
19,0.633,25,left_knee,0.47433,0.6276,-0.02849,1.0
19,0.633,26,right_knee,0.52992,0.6276,-0.02849,1.0
19,0.633,27,left_ankle,0.46055,0.73529,-0.00294,1.0
19,0.633,28,right_ankle,0.51025,0.73529,-0.00294,1.0
19,0.633,29,left_heel,0.46055,0.74412,0.01471,1.0
19,0.633,30,right_heel,0.51025,0.74412,0.01471,1.0
19,0.633,31,left_foot_index,0.46055,0.75735,-0.03235,1.0
19,0.633,32,right_foot_index,0.51025,0.75735,-0.03235,1.0
20,0.667,0,nose,0.49655,0.29059,0.00075,1.0
20,0.667,1,left_eye_inner,0.4892,0.28324,-0.00278,1.0
20,0.667,2,left_eye,0.48331,0.28176,-0.00161,1.0
20,0.667,3,left_eye_outer,0.47743,0.28235,0.00075,1.0
20,0.667,4,right_eye_inner,0.5039,0.28324,-0.00278,1.0
20,0.667,5,right_eye,0.50978,0.28176,-0.00161,1.0
20,0.667,6,right_eye_outer,0.51567,0.28235,0.00075,1.0
20,0.667,7,left_ear,0.47449,0.28765,0.00369,1.0
20,0.667,8,right_ear,0.51861,0.28765,0.00369,1.0
20,0.667,9,mouth_left,0.48773,0.30088,-0.00161,1.0
20,0.667,10,mouth_right,0.50537,0.30088,-0.00161,1.0
20,0.667,11,left_shoulder,0.44937,0.36118,-0.05024,1.0
20,0.667,12,right_shoulder,0.52122,0.36118,0.05024,1.0
20,0.667,13,left_elbow,0.52078,0.36999,-0.10131,1.0
20,0.667,14,right_elbow,0.43365,0.35237,0.04403,1.0
20,0.667,15,left_wrist,0.57709,0.41458,-0.14158,1.0
20,0.667,16,right_wrist,0.37319,0.40812,0.03974,1.0
20,0.667,17,left_pinky,0.59078,0.42892,-0.15452,1.0
20,0.667,18,right_pinky,0.34934,0.42604,0.03836,1.0
20,0.667,19,left_index,0.60162,0.43051,-0.15596,1.0
20,0.667,20,right_index,0.356,0.42803,0.03821,1.0
20,0.667,21,left_thumb,0.58916,0.41826,-0.15462,1.0
20,0.667,22,right_thumb,0.36023,0.41418,0.03441,1.0
20,0.667,23,left_hip,0.45456,0.50824,-0.0,1.0
20,0.667,24,right_hip,0.51603,0.50824,-0.0,1.0
20,0.667,25,left_knee,0.47426,0.62765,-0.02853,1.0
20,0.667,26,right_knee,0.52985,0.62765,-0.02853,1.0
20,0.667,27,left_ankle,0.46044,0.73529,-0.00294,1.0
20,0.667,28,right_ankle,0.51015,0.73529,-0.00294,1.0
20,0.667,29,left_heel,0.46044,0.74412,0.01471,1.0
20,0.667,30,right_heel,0.51015,0.74412,0.01471,1.0
20,0.667,31,left_foot_index,0.46044,0.75735,-0.03235,1.0
20,0.667,32,right_foot_index,0.51015,0.75735,-0.03235,1.0
21,0.7,0,nose,0.49672,0.29051,0.00068,1.0
21,0.7,1,left_eye_inner,0.48937,0.28316,-0.00285,1.0
21,0.7,2,left_eye,0.48349,0.28169,-0.00167,1.0
21,0.7,3,left_eye_outer,0.47761,0.28227,0.00068,1.0
21,0.7,4,right_eye_inner,0.50408,0.28316,-0.00285,1.0
21,0.7,5,right_eye,0.50996,0.28169,-0.00167,1.0
21,0.7,6,right_eye_outer,0.51584,0.28227,0.00068,1.0
21,0.7,7,left_ear,0.47467,0.28757,0.00362,1.0
21,0.7,8,right_ear,0.51878,0.28757,0.00362,1.0
21,0.7,9,mouth_left,0.4879,0.3008,-0.00167,1.0
21,0.7,10,mouth_right,0.50555,0.3008,-0.00167,1.0
21,0.7,11,left_shoulder,0.44922,0.3611,-0.05003,1.0
21,0.7,12,right_shoulder,0.52167,0.3611,0.05003,1.0
21,0.7,13,left_elbow,0.52027,0.37001,-0.10159,1.0
21,0.7,14,right_elbow,0.43416,0.35235,0.04282,1.0
21,0.7,15,left_wrist,0.57626,0.41469,-0.14223,1.0
21,0.7,16,right_wrist,0.37358,0.40791,0.03782,1.0
21,0.7,17,left_pinky,0.58984,0.42905,-0.15529,1.0
21,0.7,18,right_pinky,0.3497,0.42577,0.03622,1.0
21,0.7,19,left_index,0.60067,0.43064,-0.15674,1.0
21,0.7,20,right_index,0.35636,0.42776,0.03604,1.0
21,0.7,21,left_thumb,0.58826,0.41838,-0.15534,1.0
21,0.7,22,right_thumb,0.3606,0.41394,0.03234,1.0
21,0.7,23,left_hip,0.45471,0.50816,-0.0,1.0
21,0.7,24,right_hip,0.51618,0.50816,-0.0,1.0
21,0.7,25,left_knee,0.47439,0.62761,-0.0285,1.0
21,0.7,26,right_knee,0.52997,0.62761,-0.0285,1.0
21,0.7,27,left_ankle,0.46059,0.73529,-0.00294,1.0
21,0.7,28,right_ankle,0.5103,0.73529,-0.00294,1.0
21,0.7,29,left_heel,0.46059,0.74412,0.01471,1.0
21,0.7,30,right_heel,0.5103,0.74412,0.01471,1.0
21,0.7,31,left_foot_index,0.46059,0.75735,-0.03235,1.0
21,0.7,32,right_foot_index,0.5103,0.75735,-0.03235,1.0
22,0.733,0,nose,0.49723,0.29028,0.00049,1.0
22,0.733,1,left_eye_inner,0.48987,0.28293,-0.00304,1.0
22,0.733,2,left_eye,0.48399,0.28146,-0.00187,1.0
22,0.733,3,left_eye_outer,0.47811,0.28205,0.00049,1.0
22,0.733,4,right_eye_inner,0.50458,0.28293,-0.00304,1.0
22,0.733,5,right_eye,0.51046,0.28146,-0.00187,1.0
22,0.733,6,right_eye_outer,0.51635,0.28205,0.00049,1.0
22,0.733,7,left_ear,0.47517,0.28734,0.00343,1.0
22,0.733,8,right_ear,0.51929,0.28734,0.00343,1.0
22,0.733,9,mouth_left,0.4884,0.30057,-0.00187,1.0
22,0.733,10,mouth_right,0.50605,0.30057,-0.00187,1.0
22,0.733,11,left_shoulder,0.44882,0.36087,-0.04941,1.0
22,0.733,12,right_shoulder,0.52294,0.36087,0.04941,1.0
22,0.733,13,left_elbow,0.51878,0.37008,-0.10238,1.0
22,0.733,14,right_elbow,0.43571,0.3523,0.03931,1.0
22,0.733,15,left_wrist,0.57382,0.41498,-0.14405,1.0
22,0.733,16,right_wrist,0.37484,0.40732,0.03225,1.0
22,0.733,17,left_pinky,0.5871,0.42942,-0.15745,1.0
22,0.733,18,right_pinky,0.35086,0.425,0.02999,1.0
22,0.733,19,left_index,0.59789,0.43102,-0.15894,1.0
22,0.733,20,right_index,0.35751,0.42697,0.02974,1.0
22,0.733,21,left_thumb,0.58561,0.41872,-0.15739,1.0
22,0.733,22,right_thumb,0.36179,0.41323,0.02633,1.0
22,0.733,23,left_hip,0.45515,0.50793,-0.0,1.0
22,0.733,24,right_hip,0.51662,0.50793,-0.0,1.0
22,0.733,25,left_knee,0.47473,0.62749,-0.02841,1.0
22,0.733,26,right_knee,0.53032,0.62749,-0.02841,1.0
22,0.733,27,left_ankle,0.46103,0.73529,-0.00294,1.0
22,0.733,28,right_ankle,0.51074,0.73529,-0.00294,1.0
22,0.733,29,left_heel,0.46103,0.74412,0.01471,1.0
22,0.733,30,right_heel,0.51074,0.74412,0.01471,1.0
22,0.733,31,left_foot_index,0.46103,0.75735,-0.03235,1.0
22,0.733,32,right_foot_index,0.51074,0.75735,-0.03235,1.0
23,0.767,0,nose,0.49802,0.28991,0.00017,1.0
23,0.767,1,left_eye_inner,0.49067,0.28256,-0.00335,1.0
23,0.767,2,left_eye,0.48479,0.28109,-0.00218,1.0
23,0.767,3,left_eye_outer,0.4789,0.28168,0.00017,1.0
23,0.767,4,right_eye_inner,0.50538,0.28256,-0.00335,1.0
23,0.767,5,right_eye,0.51126,0.28109,-0.00218,1.0
23,0.767,6,right_eye_outer,0.51714,0.28168,0.00017,1.0
23,0.767,7,left_ear,0.47596,0.28697,0.00312,1.0
23,0.767,8,right_ear,0.52008,0.28697,0.00312,1.0
23,0.767,9,mouth_left,0.4892,0.30021,-0.00218,1.0
23,0.767,10,mouth_right,0.50685,0.30021,-0.00218,1.0
23,0.767,11,left_shoulder,0.4482,0.3605,-0.04839,1.0
23,0.767,12,right_shoulder,0.52496,0.3605,0.04839,1.0
23,0.767,13,left_elbow,0.51637,0.37018,-0.10357,1.0
23,0.767,14,right_elbow,0.43835,0.35222,0.03369,1.0
23,0.767,15,left_wrist,0.56985,0.41546,-0.14685,1.0
23,0.767,16,right_wrist,0.37717,0.40636,0.0233,1.0
23,0.767,17,left_pinky,0.58262,0.43001,-0.16076,1.0
23,0.767,18,right_pinky,0.3531,0.42376,0.01997,1.0
23,0.767,19,left_index,0.59336,0.43162,-0.1623,1.0
23,0.767,20,right_index,0.35974,0.4257,0.0196,1.0
23,0.767,21,left_thumb,0.58131,0.41927,-0.16053,1.0
23,0.767,22,right_thumb,0.36407,0.41208,0.01667,1.0
23,0.767,23,left_hip,0.45584,0.50756,-0.0,1.0
23,0.767,24,right_hip,0.51732,0.50756,-0.0,1.0
23,0.767,25,left_knee,0.47529,0.62731,-0.02827,1.0
23,0.767,26,right_knee,0.53088,0.62731,-0.02827,1.0
23,0.767,27,left_ankle,0.46173,0.73529,-0.00294,1.0
23,0.767,28,right_ankle,0.51143,0.73529,-0.00294,1.0
23,0.767,29,left_heel,0.46173,0.74412,0.01471,1.0
23,0.767,30,right_heel,0.51143,0.74412,0.01471,1.0
23,0.767,31,left_foot_index,0.46173,0.75735,-0.03235,1.0
23,0.767,32,right_foot_index,0.51143,0.75735,-0.03235,1.0
24,0.8,0,nose,0.49907,0.28943,-0.00024,1.0
24,0.8,1,left_eye_inner,0.49171,0.28207,-0.00377,1.0
24,0.8,2,left_eye,0.48583,0.2806,-0.0026,1.0
24,0.8,3,left_eye_outer,0.47995,0.28119,-0.00024,1.0
24,0.8,4,right_eye_inner,0.50642,0.28207,-0.00377,1.0
24,0.8,5,right_eye,0.5123,0.2806,-0.0026,1.0
24,0.8,6,right_eye_outer,0.51819,0.28119,-0.00024,1.0
24,0.8,7,left_ear,0.47701,0.28648,0.0027,1.0
24,0.8,8,right_ear,0.52113,0.28648,0.0027,1.0
24,0.8,9,mouth_left,0.49024,0.29972,-0.0026,1.0
24,0.8,10,mouth_right,0.50789,0.29972,-0.0026,1.0
24,0.8,11,left_shoulder,0.44742,0.36001,-0.04698,1.0
24,0.8,12,right_shoulder,0.52761,0.36001,0.04698,1.0
24,0.8,13,left_elbow,0.51308,0.37033,-0.105,1.0
24,0.8,14,right_elbow,0.44223,0.35211,0.02618,1.0
24,0.8,15,left_wrist,0.56439,0.41608,-0.15035,1.0
24,0.8,16,right_wrist,0.38095,0.40506,0.01126,1.0
24,0.8,17,left_pinky,0.57647,0.43079,-0.16492,1.0
24,0.8,18,right_pinky,0.35684,0.42209,0.00646,1.0
24,0.8,19,left_index,0.58713,0.43242,-0.16654,1.0
24,0.8,20,right_index,0.36348,0.42398,0.00593,1.0
24,0.8,21,left_thumb,0.57539,0.42,-0.16447,1.0
24,0.8,22,right_thumb,0.36782,0.41053,0.00365,1.0
24,0.8,23,left_hip,0.45678,0.50707,-0.0,1.0
24,0.8,24,right_hip,0.51825,0.50707,-0.0,1.0
24,0.8,25,left_knee,0.47603,0.62707,-0.02808,1.0
24,0.8,26,right_knee,0.53162,0.62707,-0.02808,1.0
24,0.8,27,left_ankle,0.46266,0.73529,-0.00294,1.0
24,0.8,28,right_ankle,0.51237,0.73529,-0.00294,1.0
24,0.8,29,left_heel,0.46266,0.74412,0.01471,1.0
24,0.8,30,right_heel,0.51237,0.74412,0.01471,1.0
24,0.8,31,left_foot_index,0.46266,0.75735,-0.03235,1.0
24,0.8,32,right_foot_index,0.51237,0.75735,-0.03235,1.0
25,0.833,0,nose,0.50032,0.28883,-0.00076,1.0
25,0.833,1,left_eye_inner,0.49297,0.28147,-0.00429,1.0
25,0.833,2,left_eye,0.48709,0.28,-0.00311,1.0
25,0.833,3,left_eye_outer,0.4812,0.28059,-0.00076,1.0
25,0.833,4,right_eye_inner,0.50767,0.28147,-0.00429,1.0
25,0.833,5,right_eye,0.51356,0.28,-0.00311,1.0
25,0.833,6,right_eye_outer,0.51944,0.28059,-0.00076,1.0
25,0.833,7,left_ear,0.47826,0.28589,0.00218,1.0
25,0.833,8,right_ear,0.52238,0.28589,0.00218,1.0
25,0.833,9,mouth_left,0.4915,0.29912,-0.00311,1.0
25,0.833,10,mouth_right,0.50914,0.29912,-0.00311,1.0
25,0.833,11,left_shoulder,0.44652,0.35941,-0.04516,1.0
25,0.833,12,right_shoulder,0.5308,0.35941,0.04516,1.0
25,0.833,13,left_elbow,0.50895,0.3705,-0.10652,1.0
25,0.833,14,right_elbow,0.44749,0.35198,0.01704,1.0
25,0.833,15,left_wrist,0.5575,0.41684,-0.15424,1.0
25,0.833,16,right_wrist,0.38659,0.40345,-0.00353,1.0
25,0.833,17,left_pinky,0.56869,0.43174,-0.16958,1.0
25,0.833,18,right_pinky,0.3626,0.42,-0.01014,1.0
25,0.833,19,left_index,0.57925,0.43339,-0.17129,1.0
25,0.833,20,right_index,0.36925,0.42183,-0.01087,1.0
25,0.833,21,left_thumb,0.5679,0.42089,-0.16888,1.0
25,0.833,22,right_thumb,0.37354,0.4086,-0.01235,1.0
25,0.833,23,left_hip,0.45792,0.50647,-0.0,1.0
25,0.833,24,right_hip,0.51939,0.50647,-0.0,1.0
25,0.833,25,left_knee,0.47694,0.62677,-0.02784,1.0
25,0.833,26,right_knee,0.53253,0.62677,-0.02784,1.0
25,0.833,27,left_ankle,0.46381,0.73529,-0.00294,1.0
25,0.833,28,right_ankle,0.51351,0.73529,-0.00294,1.0
25,0.833,29,left_heel,0.46381,0.74412,0.01471,1.0
25,0.833,30,right_heel,0.51351,0.74412,0.01471,1.0
25,0.833,31,left_foot_index,0.46381,0.75735,-0.03235,1.0
25,0.833,32,right_foot_index,0.51351,0.75735,-0.03235,1.0
26,0.867,0,nose,0.50174,0.28813,-0.00136,1.0
26,0.867,1,left_eye_inner,0.49439,0.28078,-0.00489,1.0
26,0.867,2,left_eye,0.4885,0.27931,-0.00371,1.0
26,0.867,3,left_eye_outer,0.48262,0.27989,-0.00136,1.0
26,0.867,4,right_eye_inner,0.50909,0.28078,-0.00489,1.0
26,0.867,5,right_eye,0.51497,0.27931,-0.00371,1.0
26,0.867,6,right_eye_outer,0.52086,0.27989,-0.00136,1.0
26,0.867,7,left_ear,0.47968,0.28519,0.00158,1.0
26,0.867,8,right_ear,0.5238,0.28519,0.00158,1.0
26,0.867,9,mouth_left,0.49292,0.29842,-0.00371,1.0
26,0.867,10,mouth_right,0.51056,0.29842,-0.00371,1.0
26,0.867,11,left_shoulder,0.44559,0.35872,-0.04293,1.0
26,0.867,12,right_shoulder,0.53439,0.35872,0.04293,1.0
26,0.867,13,left_elbow,0.50403,0.37071,-0.10794,1.0
26,0.867,14,right_elbow,0.45431,0.35182,0.00655,1.0
26,0.867,15,left_wrist,0.54924,0.41772,-0.15822,1.0
26,0.867,16,right_wrist,0.39454,0.40155,-0.0206,1.0
26,0.867,17,left_pinky,0.55935,0.43283,-0.17439,1.0
26,0.867,18,right_pinky,0.37091,0.41753,-0.02933,1.0
26,0.867,19,left_index,0.56979,0.43451,-0.17618,1.0
26,0.867,20,right_index,0.3776,0.41931,-0.0303,1.0
26,0.867,21,left_thumb,0.55892,0.42191,-0.17341,1.0
26,0.867,22,right_thumb,0.38173,0.40632,-0.03083,1.0
26,0.867,23,left_hip,0.45925,0.50578,-0.0,1.0
26,0.867,24,right_hip,0.52073,0.50578,-0.0,1.0
26,0.867,25,left_knee,0.478,0.62642,-0.02757,1.0
26,0.867,26,right_knee,0.53359,0.62642,-0.02757,1.0
26,0.867,27,left_ankle,0.46514,0.73529,-0.00294,1.0
26,0.867,28,right_ankle,0.51484,0.73529,-0.00294,1.0
26,0.867,29,left_heel,0.46514,0.74412,0.01471,1.0
26,0.867,30,right_heel,0.51484,0.74412,0.01471,1.0
26,0.867,31,left_foot_index,0.46514,0.75735,-0.03235,1.0
26,0.867,32,right_foot_index,0.51484,0.75735,-0.03235,1.0
27,0.9,0,nose,0.50328,0.28735,-0.00203,1.0
27,0.9,1,left_eye_inner,0.49593,0.27999,-0.00556,1.0
27,0.9,2,left_eye,0.49005,0.27852,-0.00438,1.0
27,0.9,3,left_eye_outer,0.48416,0.27911,-0.00203,1.0
27,0.9,4,right_eye_inner,0.51063,0.27999,-0.00556,1.0
27,0.9,5,right_eye,0.51652,0.27852,-0.00438,1.0
27,0.9,6,right_eye_outer,0.5224,0.27911,-0.00203,1.0
27,0.9,7,left_ear,0.48122,0.28441,0.00091,1.0
27,0.9,8,right_ear,0.52534,0.28441,0.00091,1.0
27,0.9,9,mouth_left,0.49446,0.29764,-0.00438,1.0
27,0.9,10,mouth_right,0.5121,0.29764,-0.00438,1.0
27,0.9,11,left_shoulder,0.44468,0.35794,-0.0403,1.0
27,0.9,12,right_shoulder,0.53829,0.35794,0.0403,1.0
27,0.9,13,left_elbow,0.4984,0.37093,-0.10908,1.0
27,0.9,14,right_elbow,0.46278,0.35165,-0.00491,1.0
27,0.9,15,left_wrist,0.53969,0.41869,-0.16196,1.0
27,0.9,16,right_wrist,0.4052,0.39938,-0.03938,1.0
27,0.9,17,left_pinky,0.54856,0.43404,-0.17896,1.0
27,0.9,18,right_pinky,0.38228,0.41472,-0.05046,1.0
27,0.9,19,left_index,0.55886,0.43574,-0.18084,1.0
27,0.9,20,right_index,0.38904,0.41643,-0.05169,1.0
27,0.9,21,left_thumb,0.54854,0.42304,-0.1777,1.0
27,0.9,22,right_thumb,0.39286,0.40373,-0.05118,1.0
27,0.9,23,left_hip,0.46075,0.50499,-0.0,1.0
27,0.9,24,right_hip,0.52222,0.50499,-0.0,1.0
27,0.9,25,left_knee,0.47919,0.62603,-0.02727,1.0
27,0.9,26,right_knee,0.53478,0.62603,-0.02727,1.0
27,0.9,27,left_ankle,0.46663,0.73529,-0.00294,1.0
27,0.9,28,right_ankle,0.51634,0.73529,-0.00294,1.0
27,0.9,29,left_heel,0.46663,0.74412,0.01471,1.0
27,0.9,30,right_heel,0.51634,0.74412,0.01471,1.0
27,0.9,31,left_foot_index,0.46663,0.75735,-0.03235,1.0
27,0.9,32,right_foot_index,0.51634,0.75735,-0.03235,1.0
28,0.933,0,nose,0.50491,0.28649,-0.00275,1.0
28,0.933,1,left_eye_inner,0.49755,0.27914,-0.00628,1.0
28,0.933,2,left_eye,0.49167,0.27767,-0.00511,1.0
28,0.933,3,left_eye_outer,0.48579,0.27826,-0.00275,1.0
28,0.933,4,right_eye_inner,0.51226,0.27914,-0.00628,1.0
28,0.933,5,right_eye,0.51814,0.27767,-0.00511,1.0
28,0.933,6,right_eye_outer,0.52402,0.27826,-0.00275,1.0
28,0.933,7,left_ear,0.48285,0.28355,0.00019,1.0
28,0.933,8,right_ear,0.52696,0.28355,0.00019,1.0
28,0.933,9,mouth_left,0.49608,0.29679,-0.00511,1.0
28,0.933,10,mouth_right,0.51373,0.29679,-0.00511,1.0
28,0.933,11,left_shoulder,0.44387,0.35708,-0.03728,1.0
28,0.933,12,right_shoulder,0.54236,0.35708,0.03728,1.0
28,0.933,13,left_elbow,0.49214,0.37118,-0.10977,1.0
28,0.933,14,right_elbow,0.47295,0.35146,-0.01691,1.0
28,0.933,15,left_wrist,0.52901,0.41973,-0.16514,1.0
28,0.933,16,right_wrist,0.41886,0.39699,-0.05914,1.0
28,0.933,17,left_pinky,0.53645,0.43534,-0.18293,1.0
28,0.933,18,right_pinky,0.39706,0.41162,-0.07272,1.0
28,0.933,19,left_index,0.54659,0.43707,-0.18491,1.0
28,0.933,20,right_index,0.40395,0.41325,-0.07423,1.0
28,0.933,21,left_thumb,0.53691,0.42425,-0.18141,1.0
28,0.933,22,right_thumb,0.40727,0.40086,-0.0726,1.0
28,0.933,23,left_hip,0.46238,0.50414,-0.0,1.0
28,0.933,24,right_hip,0.52385,0.50414,-0.0,1.0
28,0.933,25,left_knee,0.48049,0.6256,-0.02694,1.0
28,0.933,26,right_knee,0.53608,0.6256,-0.02694,1.0
28,0.933,27,left_ankle,0.46826,0.73529,-0.00294,1.0
28,0.933,28,right_ankle,0.51797,0.73529,-0.00294,1.0
28,0.933,29,left_heel,0.46826,0.74412,0.01471,1.0
28,0.933,30,right_heel,0.51797,0.74412,0.01471,1.0
28,0.933,31,left_foot_index,0.46826,0.75735,-0.03235,1.0
28,0.933,32,right_foot_index,0.51797,0.75735,-0.03235,1.0
29,0.967,0,nose,0.50658,0.28558,-0.00351,1.0
29,0.967,1,left_eye_inner,0.49922,0.27823,-0.00704,1.0
29,0.967,2,left_eye,0.49334,0.27676,-0.00587,1.0
29,0.967,3,left_eye_outer,0.48746,0.27735,-0.00351,1.0
29,0.967,4,right_eye_inner,0.51393,0.27823,-0.00704,1.0
29,0.967,5,right_eye,0.51981,0.27676,-0.00587,1.0
29,0.967,6,right_eye_outer,0.52569,0.27735,-0.00351,1.0
29,0.967,7,left_ear,0.48452,0.28264,-0.00057,1.0
29,0.967,8,right_ear,0.52864,0.28264,-0.00057,1.0
29,0.967,9,mouth_left,0.49775,0.29588,-0.00587,1.0
29,0.967,10,mouth_right,0.5154,0.29588,-0.00587,1.0
29,0.967,11,left_shoulder,0.44321,0.35617,-0.03388,1.0
29,0.967,12,right_shoulder,0.5465,0.35617,0.03388,1.0
29,0.967,13,left_elbow,0.48539,0.37144,-0.10986,1.0
29,0.967,14,right_elbow,0.48479,0.35126,-0.02899,1.0
29,0.967,15,left_wrist,0.51738,0.42083,-0.16748,1.0
29,0.967,16,right_wrist,0.43565,0.3944,-0.07906,1.0
29,0.967,17,left_pinky,0.52324,0.4367,-0.186,1.0
29,0.967,18,right_pinky,0.41544,0.40827,-0.09515,1.0
29,0.967,19,left_index,0.53321,0.43847,-0.18806,1.0
29,0.967,20,right_index,0.42251,0.40981,-0.09694,1.0
29,0.967,21,left_thumb,0.52423,0.42553,-0.18424,1.0
29,0.967,22,right_thumb,0.42512,0.39776,-0.0942,1.0
29,0.967,23,left_hip,0.46412,0.50323,-0.0,1.0
29,0.967,24,right_hip,0.52559,0.50323,-0.0,1.0
29,0.967,25,left_knee,0.48188,0.62514,-0.02658,1.0
29,0.967,26,right_knee,0.53747,0.62514,-0.02658,1.0
29,0.967,27,left_ankle,0.47,0.73529,-0.00294,1.0
29,0.967,28,right_ankle,0.51971,0.73529,-0.00294,1.0
29,0.967,29,left_heel,0.47,0.74412,0.01471,1.0
29,0.967,30,right_heel,0.51971,0.74412,0.01471,1.0
29,0.967,31,left_foot_index,0.47,0.75735,-0.03235,1.0
29,0.967,32,right_foot_index,0.51971,0.75735,-0.03235,1.0
30,1.0,0,nose,0.50826,0.28462,-0.00429,1.0
30,1.0,1,left_eye_inner,0.50091,0.27727,-0.00782,1.0
30,1.0,2,left_eye,0.49503,0.2758,-0.00665,1.0
30,1.0,3,left_eye_outer,0.48914,0.27639,-0.00429,1.0
30,1.0,4,right_eye_inner,0.51561,0.27727,-0.00782,1.0
30,1.0,5,right_eye,0.5215,0.2758,-0.00665,1.0
30,1.0,6,right_eye_outer,0.52738,0.27639,-0.00429,1.0
30,1.0,7,left_ear,0.4862,0.28168,-0.00135,1.0
30,1.0,8,right_ear,0.53032,0.28168,-0.00135,1.0
30,1.0,9,mouth_left,0.49944,0.29492,-0.00665,1.0
30,1.0,10,mouth_right,0.51708,0.29492,-0.00665,1.0
30,1.0,11,left_shoulder,0.44278,0.35521,-0.03015,1.0
30,1.0,12,right_shoulder,0.55059,0.35521,0.03015,1.0
30,1.0,13,left_elbow,0.47828,0.3717,-0.10923,1.0
30,1.0,14,right_elbow,0.49812,0.35105,-0.04067,1.0
30,1.0,15,left_wrist,0.505,0.42196,-0.16875,1.0
30,1.0,16,right_wrist,0.45548,0.39167,-0.09823,1.0
30,1.0,17,left_pinky,0.50918,0.43811,-0.18788,1.0
30,1.0,18,right_pinky,0.43736,0.40473,-0.11673,1.0
30,1.0,19,left_index,0.51896,0.4399,-0.19,1.0
30,1.0,20,right_index,0.44466,0.40618,-0.11879,1.0
30,1.0,21,left_thumb,0.51073,0.42684,-0.18591,1.0
30,1.0,22,right_thumb,0.44634,0.39449,-0.11498,1.0
30,1.0,23,left_hip,0.46595,0.50227,-0.0,1.0
30,1.0,24,right_hip,0.52742,0.50227,-0.0,1.0
30,1.0,25,left_knee,0.48333,0.62467,-0.02621,1.0
30,1.0,26,right_knee,0.53892,0.62467,-0.02621,1.0
30,1.0,27,left_ankle,0.47183,0.73529,-0.00294,1.0
30,1.0,28,right_ankle,0.52154,0.73529,-0.00294,1.0
30,1.0,29,left_heel,0.47183,0.74412,0.01471,1.0
30,1.0,30,right_heel,0.52154,0.74412,0.01471,1.0
30,1.0,31,left_foot_index,0.47183,0.75735,-0.03235,1.0
30,1.0,32,right_foot_index,0.52154,0.75735,-0.03235,1.0
31,1.033,0,nose,0.50993,0.28364,-0.00507,1.0
31,1.033,1,left_eye_inner,0.50258,0.27628,-0.0086,1.0
31,1.033,2,left_eye,0.4967,0.27481,-0.00742,1.0
31,1.033,3,left_eye_outer,0.49081,0.2754,-0.00507,1.0
31,1.033,4,right_eye_inner,0.51729,0.27628,-0.0086,1.0
31,1.033,5,right_eye,0.52317,0.27481,-0.00742,1.0
31,1.033,6,right_eye_outer,0.52905,0.2754,-0.00507,1.0
31,1.033,7,left_ear,0.48787,0.28069,-0.00213,1.0
31,1.033,8,right_ear,0.53199,0.28069,-0.00213,1.0
31,1.033,9,mouth_left,0.50111,0.29393,-0.00742,1.0
31,1.033,10,mouth_right,0.51876,0.29393,-0.00742,1.0
31,1.033,11,left_shoulder,0.44261,0.35422,-0.02614,1.0
31,1.033,12,right_shoulder,0.55453,0.35422,0.02614,1.0
31,1.033,13,left_elbow,0.47097,0.37198,-0.10778,1.0
31,1.033,14,right_elbow,0.51269,0.35083,-0.05147,1.0
31,1.033,15,left_wrist,0.49216,0.4231,-0.16877,1.0
31,1.033,16,right_wrist,0.47802,0.38884,-0.11578,1.0
31,1.033,17,left_pinky,0.49456,0.43954,-0.18837,1.0
31,1.033,18,right_pinky,0.46247,0.40105,-0.13645,1.0
31,1.033,19,left_index,0.50414,0.44136,-0.19055,1.0
31,1.033,20,right_index,0.47005,0.40241,-0.13875,1.0
31,1.033,21,left_thumb,0.4967,0.42818,-0.18625,1.0
31,1.033,22,right_thumb,0.47059,0.3911,-0.13397,1.0
31,1.033,23,left_hip,0.46784,0.50128,-0.0,1.0
31,1.033,24,right_hip,0.52931,0.50128,-0.0,1.0
31,1.033,25,left_knee,0.48484,0.62417,-0.02583,1.0
31,1.033,26,right_knee,0.54043,0.62417,-0.02583,1.0
31,1.033,27,left_ankle,0.47372,0.73529,-0.00294,1.0
31,1.033,28,right_ankle,0.52343,0.73529,-0.00294,1.0
31,1.033,29,left_heel,0.47372,0.74412,0.01471,1.0
31,1.033,30,right_heel,0.52343,0.74412,0.01471,1.0
31,1.033,31,left_foot_index,0.47372,0.75735,-0.03235,1.0
31,1.033,32,right_foot_index,0.52343,0.75735,-0.03235,1.0
32,1.067,0,nose,0.51157,0.28263,-0.00583,1.0
32,1.067,1,left_eye_inner,0.50421,0.27527,-0.00936,1.0
32,1.067,2,left_eye,0.49833,0.2738,-0.00818,1.0
32,1.067,3,left_eye_outer,0.49245,0.27439,-0.00583,1.0
32,1.067,4,right_eye_inner,0.51892,0.27527,-0.00936,1.0
32,1.067,5,right_eye,0.5248,0.2738,-0.00818,1.0
32,1.067,6,right_eye_outer,0.53068,0.27439,-0.00583,1.0
32,1.067,7,left_ear,0.48951,0.27968,-0.00289,1.0
32,1.067,8,right_ear,0.53363,0.27968,-0.00289,1.0
32,1.067,9,mouth_left,0.50274,0.29292,-0.00818,1.0
32,1.067,10,mouth_right,0.52039,0.29292,-0.00818,1.0
32,1.067,11,left_shoulder,0.44275,0.35321,-0.0219,1.0
32,1.067,12,right_shoulder,0.55825,0.35321,0.0219,1.0
32,1.067,13,left_elbow,0.46365,0.37225,-0.10549,1.0
32,1.067,14,right_elbow,0.52814,0.35061,-0.06099,1.0
32,1.067,15,left_wrist,0.47913,0.42425,-0.16744,1.0
32,1.067,16,right_wrist,0.50274,0.38595,-0.13091,1.0
32,1.067,17,left_pinky,0.4797,0.44097,-0.18735,1.0
32,1.067,18,right_pinky,0.49016,0.39731,-0.15338,1.0
32,1.067,19,left_index,0.48908,0.44282,-0.18957,1.0
32,1.067,20,right_index,0.49808,0.39857,-0.15588,1.0
32,1.067,21,left_thumb,0.48245,0.42951,-0.18513,1.0
32,1.067,22,right_thumb,0.4973,0.38764,-0.1503,1.0
32,1.067,23,left_hip,0.46977,0.50027,-0.0,1.0
32,1.067,24,right_hip,0.53124,0.50027,-0.0,1.0
32,1.067,25,left_knee,0.48637,0.62367,-0.02543,1.0
32,1.067,26,right_knee,0.54196,0.62367,-0.02543,1.0
32,1.067,27,left_ankle,0.47565,0.73529,-0.00294,1.0
32,1.067,28,right_ankle,0.52535,0.73529,-0.00294,1.0
32,1.067,29,left_heel,0.47565,0.74412,0.01471,1.0
32,1.067,30,right_heel,0.52535,0.74412,0.01471,1.0
32,1.067,31,left_foot_index,0.47565,0.75735,-0.03235,1.0
32,1.067,32,right_foot_index,0.52535,0.75735,-0.03235,1.0
33,1.1,0,nose,0.51314,0.28161,-0.00655,1.0
33,1.1,1,left_eye_inner,0.50579,0.27426,-0.01008,1.0
33,1.1,2,left_eye,0.49991,0.27279,-0.0089,1.0
33,1.1,3,left_eye_outer,0.49403,0.27337,-0.00655,1.0
33,1.1,4,right_eye_inner,0.5205,0.27426,-0.01008,1.0
33,1.1,5,right_eye,0.52638,0.27279,-0.0089,1.0
33,1.1,6,right_eye_outer,0.53226,0.27337,-0.00655,1.0
33,1.1,7,left_ear,0.49108,0.27867,-0.00361,1.0
33,1.1,8,right_ear,0.5352,0.27867,-0.00361,1.0
33,1.1,9,mouth_left,0.50432,0.2919,-0.0089,1.0
33,1.1,10,mouth_right,0.52197,0.2919,-0.0089,1.0
33,1.1,11,left_shoulder,0.44321,0.3522,-0.01751,1.0
33,1.1,12,right_shoulder,0.56167,0.3522,0.01751,1.0
33,1.1,13,left_elbow,0.45647,0.37253,-0.10235,1.0
33,1.1,14,right_elbow,0.54401,0.35039,-0.06892,1.0
33,1.1,15,left_wrist,0.46622,0.42539,-0.16474,1.0
33,1.1,16,right_wrist,0.52888,0.38306,-0.14298,1.0
33,1.1,17,left_pinky,0.46494,0.44238,-0.1848,1.0
33,1.1,18,right_pinky,0.5196,0.39356,-0.16679,1.0
33,1.1,19,left_index,0.47411,0.44426,-0.18702,1.0
33,1.1,20,right_index,0.52789,0.39473,-0.16943,1.0
33,1.1,21,left_thumb,0.46831,0.43083,-0.18252,1.0
33,1.1,22,right_thumb,0.52564,0.38418,-0.16326,1.0
33,1.1,23,left_hip,0.47171,0.49926,-0.0,1.0
33,1.1,24,right_hip,0.53318,0.49926,-0.0,1.0
33,1.1,25,left_knee,0.48792,0.62316,-0.02504,1.0
33,1.1,26,right_knee,0.54351,0.62316,-0.02504,1.0
33,1.1,27,left_ankle,0.47759,0.73529,-0.00294,1.0
33,1.1,28,right_ankle,0.52729,0.73529,-0.00294,1.0
33,1.1,29,left_heel,0.47759,0.74412,0.01471,1.0
33,1.1,30,right_heel,0.52729,0.74412,0.01471,1.0
33,1.1,31,left_foot_index,0.47759,0.75735,-0.03235,1.0
33,1.1,32,right_foot_index,0.52729,0.75735,-0.03235,1.0
34,1.133,0,nose,0.51465,0.2806,-0.00722,1.0
34,1.133,1,left_eye_inner,0.5073,0.27325,-0.01075,1.0
34,1.133,2,left_eye,0.50142,0.27178,-0.00957,1.0
34,1.133,3,left_eye_outer,0.49553,0.27236,-0.00722,1.0
34,1.133,4,right_eye_inner,0.522,0.27325,-0.01075,1.0
34,1.133,5,right_eye,0.52789,0.27178,-0.00957,1.0
34,1.133,6,right_eye_outer,0.53377,0.27236,-0.00722,1.0
34,1.133,7,left_ear,0.49259,0.27766,-0.00427,1.0
34,1.133,8,right_ear,0.53671,0.27766,-0.00427,1.0
34,1.133,9,mouth_left,0.50583,0.29089,-0.00957,1.0
34,1.133,10,mouth_right,0.52347,0.29089,-0.00957,1.0
34,1.133,11,left_shoulder,0.444,0.35119,-0.01306,1.0
34,1.133,12,right_shoulder,0.56474,0.35119,0.01306,1.0
34,1.133,13,left_elbow,0.44961,0.3728,-0.09842,1.0
34,1.133,14,right_elbow,0.55984,0.35017,-0.07503,1.0
34,1.133,15,left_wrist,0.45371,0.42649,-0.16073,1.0
34,1.133,16,right_wrist,0.55558,0.38021,-0.15159,1.0
34,1.133,17,left_pinky,0.45061,0.44375,-0.18076,1.0
34,1.133,18,right_pinky,0.5498,0.38987,-0.1762,1.0
34,1.133,19,left_index,0.45958,0.44567,-0.18298,1.0
34,1.133,20,right_index,0.55847,0.39094,-0.17894,1.0
34,1.133,21,left_thumb,0.45459,0.43211,-0.17849,1.0
34,1.133,22,right_thumb,0.55467,0.38077,-0.17241,1.0
34,1.133,23,left_hip,0.47363,0.49825,-0.0,1.0
34,1.133,24,right_hip,0.5351,0.49825,-0.0,1.0
34,1.133,25,left_knee,0.48945,0.62265,-0.02465,1.0
34,1.133,26,right_knee,0.54504,0.62265,-0.02465,1.0
34,1.133,27,left_ankle,0.47952,0.73529,-0.00294,1.0
34,1.133,28,right_ankle,0.52922,0.73529,-0.00294,1.0
34,1.133,29,left_heel,0.47952,0.74412,0.01471,1.0
34,1.133,30,right_heel,0.52922,0.74412,0.01471,1.0
34,1.133,31,left_foot_index,0.47952,0.75735,-0.03235,1.0
34,1.133,32,right_foot_index,0.52922,0.75735,-0.03235,1.0
35,1.167,0,nose,0.51608,0.27961,-0.00782,1.0
35,1.167,1,left_eye_inner,0.50872,0.27226,-0.01135,1.0
35,1.167,2,left_eye,0.50284,0.27079,-0.01017,1.0
35,1.167,3,left_eye_outer,0.49696,0.27138,-0.00782,1.0
35,1.167,4,right_eye_inner,0.52343,0.27226,-0.01135,1.0
35,1.167,5,right_eye,0.52931,0.27079,-0.01017,1.0
35,1.167,6,right_eye_outer,0.53519,0.27138,-0.00782,1.0
35,1.167,7,left_ear,0.49402,0.27667,-0.00488,1.0
35,1.167,8,right_ear,0.53813,0.27667,-0.00488,1.0
35,1.167,9,mouth_left,0.50725,0.2899,-0.01017,1.0
35,1.167,10,mouth_right,0.5249,0.2899,-0.01017,1.0
35,1.167,11,left_shoulder,0.4451,0.3502,-0.00862,1.0
35,1.167,12,right_shoulder,0.56742,0.3502,0.00862,1.0
35,1.167,13,left_elbow,0.44322,0.37305,-0.09382,1.0
35,1.167,14,right_elbow,0.57514,0.34995,-0.07928,1.0
35,1.167,15,left_wrist,0.44187,0.42755,-0.15555,1.0
35,1.167,16,right_wrist,0.58193,0.37745,-0.15661,1.0
35,1.167,17,left_pinky,0.43702,0.44507,-0.17539,1.0
35,1.167,18,right_pinky,0.5797,0.38629,-0.18146,1.0
35,1.167,19,left_index,0.44579,0.44701,-0.1776,1.0
35,1.167,20,right_index,0.58877,0.38728,-0.18422,1.0
35,1.167,21,left_thumb,0.44157,0.43334,-0.17319,1.0
35,1.167,22,right_thumb,0.58339,0.37746,-0.17759,1.0
35,1.167,23,left_hip,0.47552,0.49726,-0.0,1.0
35,1.167,24,right_hip,0.53699,0.49726,-0.0,1.0
35,1.167,25,left_knee,0.49096,0.62216,-0.02426,1.0
35,1.167,26,right_knee,0.54655,0.62216,-0.02426,1.0
35,1.167,27,left_ankle,0.48141,0.73529,-0.00294,1.0
35,1.167,28,right_ankle,0.53111,0.73529,-0.00294,1.0
35,1.167,29,left_heel,0.48141,0.74412,0.01471,1.0
35,1.167,30,right_heel,0.53111,0.74412,0.01471,1.0
35,1.167,31,left_foot_index,0.48141,0.75735,-0.03235,1.0
35,1.167,32,right_foot_index,0.53111,0.75735,-0.03235,1.0
36,1.2,0,nose,0.51741,0.27865,-0.00835,1.0
36,1.2,1,left_eye_inner,0.51006,0.2713,-0.01188,1.0
36,1.2,2,left_eye,0.50417,0.26983,-0.01071,1.0
36,1.2,3,left_eye_outer,0.49829,0.27042,-0.00835,1.0
36,1.2,4,right_eye_inner,0.52476,0.2713,-0.01188,1.0
36,1.2,5,right_eye,0.53064,0.26983,-0.01071,1.0
36,1.2,6,right_eye_outer,0.53653,0.27042,-0.00835,1.0
36,1.2,7,left_ear,0.49535,0.27571,-0.00541,1.0
36,1.2,8,right_ear,0.53947,0.27571,-0.00541,1.0
36,1.2,9,mouth_left,0.50859,0.28895,-0.01071,1.0
36,1.2,10,mouth_right,0.52623,0.28895,-0.01071,1.0
36,1.2,11,left_shoulder,0.44647,0.34924,-0.00428,1.0
36,1.2,12,right_shoulder,0.5697,0.34924,0.00428,1.0
36,1.2,13,left_elbow,0.43742,0.3733,-0.08869,1.0
36,1.2,14,right_elbow,0.58948,0.34974,-0.08171,1.0
36,1.2,15,left_wrist,0.43092,0.42855,-0.14941,1.0
36,1.2,16,right_wrist,0.60706,0.37482,-0.15815,1.0
36,1.2,17,left_pinky,0.42441,0.44631,-0.16892,1.0
36,1.2,18,right_pinky,0.6083,0.38289,-0.18272,1.0
36,1.2,19,left_index,0.433,0.44829,-0.17109,1.0
36,1.2,20,right_index,0.61775,0.38378,-0.18545,1.0
36,1.2,21,left_thumb,0.42952,0.43451,-0.16683,1.0
36,1.2,22,right_thumb,0.61083,0.37432,-0.17895,1.0
36,1.2,23,left_hip,0.47735,0.4963,-0.0,1.0
36,1.2,24,right_hip,0.53882,0.4963,-0.0,1.0
36,1.2,25,left_knee,0.49242,0.62168,-0.02389,1.0
36,1.2,26,right_knee,0.548,0.62168,-0.02389,1.0
36,1.2,27,left_ankle,0.48323,0.73529,-0.00294,1.0
36,1.2,28,right_ankle,0.53294,0.73529,-0.00294,1.0
36,1.2,29,left_heel,0.48323,0.74412,0.01471,1.0
36,1.2,30,right_heel,0.53294,0.74412,0.01471,1.0
36,1.2,31,left_foot_index,0.48323,0.75735,-0.03235,1.0
36,1.2,32,right_foot_index,0.53294,0.75735,-0.03235,1.0
37,1.233,0,nose,0.51864,0.27774,-0.00881,1.0
37,1.233,1,left_eye_inner,0.51129,0.27039,-0.01234,1.0
37,1.233,2,left_eye,0.50541,0.26892,-0.01116,1.0
37,1.233,3,left_eye_outer,0.49953,0.26951,-0.00881,1.0
37,1.233,4,right_eye_inner,0.526,0.27039,-0.01234,1.0
37,1.233,5,right_eye,0.53188,0.26892,-0.01116,1.0
37,1.233,6,right_eye_outer,0.53776,0.26951,-0.00881,1.0
37,1.233,7,left_ear,0.49659,0.2748,-0.00587,1.0
37,1.233,8,right_ear,0.5407,0.2748,-0.00587,1.0
37,1.233,9,mouth_left,0.50982,0.28804,-0.01116,1.0
37,1.233,10,mouth_right,0.52747,0.28804,-0.01116,1.0
37,1.233,11,left_shoulder,0.44806,0.34833,-0.00013,1.0
37,1.233,12,right_shoulder,0.57159,0.34833,0.00013,1.0
37,1.233,13,left_elbow,0.4323,0.37353,-0.08321,1.0
37,1.233,14,right_elbow,0.6025,0.34954,-0.08251,1.0
37,1.233,15,left_wrist,0.42104,0.42949,-0.14256,1.0
37,1.233,16,right_wrist,0.63022,0.37236,-0.15662,1.0
37,1.233,17,left_pinky,0.41301,0.44748,-0.16164,1.0
37,1.233,18,right_pinky,0.63472,0.37969,-0.18044,1.0
37,1.233,19,left_index,0.42143,0.44948,-0.16376,1.0
37,1.233,20,right_index,0.64453,0.38051,-0.18309,1.0
37,1.233,21,left_thumb,0.41863,0.4356,-0.15969,1.0
37,1.233,22,right_thumb,0.63616,0.37137,-0.17691,1.0
37,1.233,23,left_hip,0.47909,0.49539,-0.0,1.0
37,1.233,24,right_hip,0.54056,0.49539,-0.0,1.0
37,1.233,25,left_knee,0.4938,0.62122,-0.02353,1.0
37,1.233,26,right_knee,0.54939,0.62122,-0.02353,1.0
37,1.233,27,left_ankle,0.48498,0.73529,-0.00294,1.0
37,1.233,28,right_ankle,0.53468,0.73529,-0.00294,1.0
37,1.233,29,left_heel,0.48498,0.74412,0.01471,1.0
37,1.233,30,right_heel,0.53468,0.74412,0.01471,1.0
37,1.233,31,left_foot_index,0.48498,0.75735,-0.03235,1.0
37,1.233,32,right_foot_index,0.53468,0.75735,-0.03235,1.0
38,1.267,0,nose,0.51977,0.27689,-0.00919,1.0
38,1.267,1,left_eye_inner,0.51242,0.26953,-0.01272,1.0
38,1.267,2,left_eye,0.50654,0.26806,-0.01154,1.0
38,1.267,3,left_eye_outer,0.50066,0.26865,-0.00919,1.0
38,1.267,4,right_eye_inner,0.52713,0.26953,-0.01272,1.0
38,1.267,5,right_eye,0.53301,0.26806,-0.01154,1.0
38,1.267,6,right_eye_outer,0.53889,0.26865,-0.00919,1.0
38,1.267,7,left_ear,0.49772,0.27395,-0.00625,1.0
38,1.267,8,right_ear,0.54183,0.27395,-0.00625,1.0
38,1.267,9,mouth_left,0.51095,0.28718,-0.01154,1.0
38,1.267,10,mouth_right,0.5286,0.28718,-0.01154,1.0
38,1.267,11,left_shoulder,0.44981,0.34748,0.00376,1.0
38,1.267,12,right_shoulder,0.57311,0.34748,-0.00376,1.0
38,1.267,13,left_elbow,0.4279,0.37373,-0.07758,1.0
38,1.267,14,right_elbow,0.61395,0.34936,-0.08195,1.0
38,1.267,15,left_wrist,0.41235,0.43035,-0.13533,1.0
38,1.267,16,right_wrist,0.65084,0.37009,-0.15259,1.0
38,1.267,17,left_pinky,0.40294,0.44855,-0.15389,1.0
38,1.267,18,right_pinky,0.65829,0.37676,-0.1753,1.0
38,1.267,19,left_index,0.41121,0.45057,-0.15595,1.0
38,1.267,20,right_index,0.66843,0.3775,-0.17782,1.0
38,1.267,21,left_thumb,0.40902,0.4366,-0.15212,1.0
38,1.267,22,right_thumb,0.65875,0.36866,-0.17214,1.0
38,1.267,23,left_hip,0.48072,0.49453,-0.0,1.0
38,1.267,24,right_hip,0.54219,0.49453,-0.0,1.0
38,1.267,25,left_knee,0.4951,0.6208,-0.0232,1.0
38,1.267,26,right_knee,0.55069,0.6208,-0.0232,1.0
38,1.267,27,left_ankle,0.48661,0.73529,-0.00294,1.0
38,1.267,28,right_ankle,0.53631,0.73529,-0.00294,1.0
38,1.267,29,left_heel,0.48661,0.74412,0.01471,1.0
38,1.267,30,right_heel,0.53631,0.74412,0.01471,1.0
38,1.267,31,left_foot_index,0.48661,0.75735,-0.03235,1.0
38,1.267,32,right_foot_index,0.53631,0.75735,-0.03235,1.0
39,1.3,0,nose,0.52079,0.27611,-0.0095,1.0
39,1.3,1,left_eye_inner,0.51344,0.26875,-0.01303,1.0
39,1.3,2,left_eye,0.50755,0.26728,-0.01185,1.0
39,1.3,3,left_eye_outer,0.50167,0.26787,-0.0095,1.0
39,1.3,4,right_eye_inner,0.52814,0.26875,-0.01303,1.0
39,1.3,5,right_eye,0.53403,0.26728,-0.01185,1.0
39,1.3,6,right_eye_outer,0.53991,0.26787,-0.0095,1.0
39,1.3,7,left_ear,0.49873,0.27316,-0.00656,1.0
39,1.3,8,right_ear,0.54285,0.27316,-0.00656,1.0
39,1.3,9,mouth_left,0.51197,0.2864,-0.01185,1.0
39,1.3,10,mouth_right,0.52961,0.2864,-0.01185,1.0
39,1.3,11,left_shoulder,0.45162,0.34669,0.00731,1.0
39,1.3,12,right_shoulder,0.57428,0.34669,-0.00731,1.0
39,1.3,13,left_elbow,0.42424,0.37392,-0.07203,1.0
39,1.3,14,right_elbow,0.62367,0.34918,-0.08038,1.0
39,1.3,15,left_wrist,0.40492,0.43112,-0.12804,1.0
39,1.3,16,right_wrist,0.66856,0.36806,-0.14679,1.0
39,1.3,17,left_pinky,0.39429,0.44951,-0.14604,1.0
39,1.3,18,right_pinky,0.67858,0.37412,-0.16814,1.0
39,1.3,19,left_index,0.40243,0.45155,-0.14804,1.0
39,1.3,20,right_index,0.68901,0.3748,-0.17051,1.0
39,1.3,21,left_thumb,0.40078,0.4375,-0.14445,1.0
39,1.3,22,right_thumb,0.67818,0.36622,-0.16544,1.0
39,1.3,23,left_hip,0.48222,0.49375,-0.0,1.0
39,1.3,24,right_hip,0.54369,0.49375,-0.0,1.0
39,1.3,25,left_knee,0.49629,0.62041,-0.0229,1.0
39,1.3,26,right_knee,0.55188,0.62041,-0.0229,1.0
39,1.3,27,left_ankle,0.4881,0.73529,-0.00294,1.0
39,1.3,28,right_ankle,0.5378,0.73529,-0.00294,1.0
39,1.3,29,left_heel,0.4881,0.74412,0.01471,1.0
39,1.3,30,right_heel,0.5378,0.74412,0.01471,1.0
39,1.3,31,left_foot_index,0.4881,0.75735,-0.03235,1.0
39,1.3,32,right_foot_index,0.5378,0.75735,-0.03235,1.0
40,1.333,0,nose,0.52168,0.27541,-0.00974,1.0
40,1.333,1,left_eye_inner,0.51433,0.26806,-0.01327,1.0
40,1.333,2,left_eye,0.50845,0.26659,-0.0121,1.0
40,1.333,3,left_eye_outer,0.50257,0.26717,-0.00974,1.0
40,1.333,4,right_eye_inner,0.52904,0.26806,-0.01327,1.0
40,1.333,5,right_eye,0.53492,0.26659,-0.0121,1.0
40,1.333,6,right_eye_outer,0.5408,0.26717,-0.00974,1.0
40,1.333,7,left_ear,0.49963,0.27247,-0.0068,1.0
40,1.333,8,right_ear,0.54374,0.27247,-0.0068,1.0
40,1.333,9,mouth_left,0.51286,0.2857,-0.0121,1.0
40,1.333,10,mouth_right,0.53051,0.2857,-0.0121,1.0
40,1.333,11,left_shoulder,0.45341,0.346,0.01045,1.0
40,1.333,12,right_shoulder,0.57516,0.346,-0.01045,1.0
40,1.333,13,left_elbow,0.4213,0.37409,-0.06679,1.0
40,1.333,14,right_elbow,0.63164,0.34903,-0.07817,1.0
40,1.333,15,left_wrist,0.39875,0.4318,-0.12103,1.0
40,1.333,16,right_wrist,0.68322,0.36627,-0.14001,1.0
40,1.333,17,left_pinky,0.38709,0.45036,-0.13846,1.0
40,1.333,18,right_pinky,0.69539,0.37181,-0.15989,1.0
40,1.333,19,left_index,0.39511,0.45242,-0.1404,1.0
40,1.333,20,right_index,0.70606,0.37242,-0.16209,1.0
40,1.333,21,left_thumb,0.39391,0.43829,-0.13706,1.0
40,1.333,22,right_thumb,0.69428,0.36408,-0.15767,1.0
40,1.333,23,left_hip,0.48355,0.49306,-0.0,1.0
40,1.333,24,right_hip,0.54502,0.49306,-0.0,1.0
40,1.333,25,left_knee,0.49735,0.62006,-0.02263,1.0
40,1.333,26,right_knee,0.55294,0.62006,-0.02263,1.0
40,1.333,27,left_ankle,0.48943,0.73529,-0.00294,1.0
40,1.333,28,right_ankle,0.53914,0.73529,-0.00294,1.0
40,1.333,29,left_heel,0.48943,0.74412,0.01471,1.0
40,1.333,30,right_heel,0.53914,0.74412,0.01471,1.0
40,1.333,31,left_foot_index,0.48943,0.75735,-0.03235,1.0
40,1.333,32,right_foot_index,0.53914,0.75735,-0.03235,1.0
41,1.367,0,nose,0.52245,0.27481,-0.00993,1.0
41,1.367,1,left_eye_inner,0.51509,0.26746,-0.01346,1.0
41,1.367,2,left_eye,0.50921,0.26599,-0.01228,1.0
41,1.367,3,left_eye_outer,0.50333,0.26657,-0.00993,1.0
41,1.367,4,right_eye_inner,0.5298,0.26746,-0.01346,1.0
41,1.367,5,right_eye,0.53568,0.26599,-0.01228,1.0
41,1.367,6,right_eye_outer,0.54156,0.26657,-0.00993,1.0
41,1.367,7,left_ear,0.50039,0.27187,-0.00699,1.0
41,1.367,8,right_ear,0.5445,0.27187,-0.00699,1.0
41,1.367,9,mouth_left,0.51362,0.2851,-0.01228,1.0
41,1.367,10,mouth_right,0.53127,0.2851,-0.01228,1.0
41,1.367,11,left_shoulder,0.45507,0.3454,0.01313,1.0
41,1.367,12,right_shoulder,0.57578,0.3454,-0.01313,1.0
41,1.367,13,left_elbow,0.41902,0.37423,-0.06206,1.0
41,1.367,14,right_elbow,0.6379,0.3489,-0.07569,1.0
41,1.367,15,left_wrist,0.39381,0.43238,-0.11465,1.0
41,1.367,16,right_wrist,0.69485,0.36476,-0.13303,1.0
41,1.367,17,left_pinky,0.38129,0.45107,-0.13155,1.0
41,1.367,18,right_pinky,0.70874,0.36985,-0.15146,1.0
41,1.367,19,left_index,0.38922,0.45315,-0.13342,1.0
41,1.367,20,right_index,0.7196,0.37042,-0.15351,1.0
41,1.367,21,left_thumb,0.38841,0.43896,-0.13032,1.0
41,1.367,22,right_thumb,0.70705,0.36227,-0.14973,1.0
41,1.367,23,left_hip,0.48469,0.49246,-0.0,1.0
41,1.367,24,right_hip,0.54616,0.49246,-0.0,1.0
41,1.367,25,left_knee,0.49826,0.61976,-0.02239,1.0
41,1.367,26,right_knee,0.55385,0.61976,-0.02239,1.0
41,1.367,27,left_ankle,0.49057,0.73529,-0.00294,1.0
41,1.367,28,right_ankle,0.54028,0.73529,-0.00294,1.0
41,1.367,29,left_heel,0.49057,0.74412,0.01471,1.0
41,1.367,30,right_heel,0.54028,0.74412,0.01471,1.0
41,1.367,31,left_foot_index,0.49057,0.75735,-0.03235,1.0
41,1.367,32,right_foot_index,0.54028,0.75735,-0.03235,1.0
42,1.4,0,nose,0.52306,0.27432,-0.01006,1.0
42,1.4,1,left_eye_inner,0.51571,0.26697,-0.01359,1.0
42,1.4,2,left_eye,0.50983,0.2655,-0.01241,1.0
42,1.4,3,left_eye_outer,0.50394,0.26609,-0.01006,1.0
42,1.4,4,right_eye_inner,0.53042,0.26697,-0.01359,1.0
42,1.4,5,right_eye,0.5363,0.2655,-0.01241,1.0
42,1.4,6,right_eye_outer,0.54218,0.26609,-0.01006,1.0
42,1.4,7,left_ear,0.501,0.27138,-0.00712,1.0
42,1.4,8,right_ear,0.54512,0.27138,-0.00712,1.0
42,1.4,9,mouth_left,0.51424,0.28461,-0.01241,1.0
42,1.4,10,mouth_right,0.53189,0.28461,-0.01241,1.0
42,1.4,11,left_shoulder,0.45652,0.34491,0.0153,1.0
42,1.4,12,right_shoulder,0.5762,0.34491,-0.0153,1.0
42,1.4,13,left_elbow,0.41735,0.37434,-0.05808,1.0
42,1.4,14,right_elbow,0.64258,0.34879,-0.0733,1.0
42,1.4,15,left_wrist,0.39005,0.43284,-0.10921,1.0
42,1.4,16,right_wrist,0.70359,0.36354,-0.12662,1.0
42,1.4,17,left_pinky,0.37686,0.45165,-0.12564,1.0
42,1.4,18,right_pinky,0.71879,0.36828,-0.14375,1.0
42,1.4,19,left_index,0.38471,0.45374,-0.12747,1.0
42,1.4,20,right_index,0.72979,0.3688,-0.14566,1.0
42,1.4,21,left_thumb,0.3842,0.4395,-0.12458,1.0
42,1.4,22,right_thumb,0.71666,0.36082,-0.14245,1.0
42,1.4,23,left_hip,0.48563,0.49197,-0.0,1.0
42,1.4,24,right_hip,0.5471,0.49197,-0.0,1.0
42,1.4,25,left_knee,0.49901,0.61951,-0.0222,1.0
42,1.4,26,right_knee,0.55459,0.61951,-0.0222,1.0
42,1.4,27,left_ankle,0.49151,0.73529,-0.00294,1.0
42,1.4,28,right_ankle,0.54121,0.73529,-0.00294,1.0
42,1.4,29,left_heel,0.49151,0.74412,0.01471,1.0
42,1.4,30,right_heel,0.54121,0.74412,0.01471,1.0
42,1.4,31,left_foot_index,0.49151,0.75735,-0.03235,1.0
42,1.4,32,right_foot_index,0.54121,0.75735,-0.03235,1.0
43,1.433,0,nose,0.52352,0.27395,-0.01015,1.0
43,1.433,1,left_eye_inner,0.51617,0.2666,-0.01368,1.0
43,1.433,2,left_eye,0.51029,0.26513,-0.0125,1.0
43,1.433,3,left_eye_outer,0.5044,0.26572,-0.01015,1.0
43,1.433,4,right_eye_inner,0.53087,0.2666,-0.01368,1.0
43,1.433,5,right_eye,0.53676,0.26513,-0.0125,1.0
43,1.433,6,right_eye_outer,0.54264,0.26572,-0.01015,1.0
43,1.433,7,left_ear,0.50146,0.27101,-0.00721,1.0
43,1.433,8,right_ear,0.54558,0.27101,-0.00721,1.0
43,1.433,9,mouth_left,0.5147,0.28425,-0.0125,1.0
43,1.433,10,mouth_right,0.53234,0.28425,-0.0125,1.0
43,1.433,11,left_shoulder,0.45765,0.34454,0.01691,1.0
43,1.433,12,right_shoulder,0.57646,0.34454,-0.01691,1.0
43,1.433,13,left_elbow,0.4162,0.37442,-0.05503,1.0
43,1.433,14,right_elbow,0.6458,0.34871,-0.07132,1.0
43,1.433,15,left_wrist,0.3874,0.43318,-0.10502,1.0
43,1.433,16,right_wrist,0.70966,0.36264,-0.12142,1.0
43,1.433,17,left_pinky,0.37373,0.45207,-0.12109,1.0
43,1.433,18,right_pinky,0.72577,0.36711,-0.13753,1.0
43,1.433,19,left_index,0.38152,0.45417,-0.12287,1.0
43,1.433,20,right_index,0.73688,0.36761,-0.13932,1.0
43,1.433,21,left_thumb,0.38123,0.43989,-0.12014,1.0
43,1.433,22,right_thumb,0.72334,0.35974,-0.13657,1.0
43,1.433,23,left_hip,0.48632,0.4916,-0.0,1.0
43,1.433,24,right_hip,0.54779,0.4916,-0.0,1.0
43,1.433,25,left_knee,0.49956,0.61933,-0.02206,1.0
43,1.433,26,right_knee,0.55515,0.61933,-0.02206,1.0
43,1.433,27,left_ankle,0.49221,0.73529,-0.00294,1.0
43,1.433,28,right_ankle,0.54191,0.73529,-0.00294,1.0
43,1.433,29,left_heel,0.49221,0.74412,0.01471,1.0
43,1.433,30,right_heel,0.54191,0.74412,0.01471,1.0
43,1.433,31,left_foot_index,0.49221,0.75735,-0.03235,1.0
43,1.433,32,right_foot_index,0.54191,0.75735,-0.03235,1.0
44,1.467,0,nose,0.52381,0.27373,-0.0102,1.0
44,1.467,1,left_eye_inner,0.51646,0.26637,-0.01373,1.0
44,1.467,2,left_eye,0.51057,0.2649,-0.01255,1.0
44,1.467,3,left_eye_outer,0.50469,0.26549,-0.0102,1.0
44,1.467,4,right_eye_inner,0.53116,0.26637,-0.01373,1.0
44,1.467,5,right_eye,0.53704,0.2649,-0.01255,1.0
44,1.467,6,right_eye_outer,0.54293,0.26549,-0.0102,1.0
44,1.467,7,left_ear,0.50175,0.27079,-0.00726,1.0
44,1.467,8,right_ear,0.54587,0.27079,-0.00726,1.0
44,1.467,9,mouth_left,0.51498,0.28402,-0.01255,1.0
44,1.467,10,mouth_right,0.53263,0.28402,-0.01255,1.0
44,1.467,11,left_shoulder,0.45838,0.34431,0.01791,1.0
44,1.467,12,right_shoulder,0.57661,0.34431,-0.01791,1.0
44,1.467,13,left_elbow,0.41554,0.37447,-0.05309,1.0
44,1.467,14,right_elbow,0.6477,0.34866,-0.06999,1.0
44,1.467,15,left_wrist,0.38581,0.4334,-0.10234,1.0
44,1.467,16,right_wrist,0.71325,0.36208,-0.118,1.0
44,1.467,17,left_pinky,0.37185,0.45234,-0.11818,1.0
44,1.467,18,right_pinky,0.7299,0.36639,-0.13344,1.0
44,1.467,19,left_index,0.37961,0.45444,-0.11993,1.0
44,1.467,20,right_index,0.74107,0.36687,-0.13515,1.0
44,1.467,21,left_thumb,0.37944,0.44014,-0.11731,1.0
44,1.467,22,right_thumb,0.72729,0.35907,-0.13271,1.0
44,1.467,23,left_hip,0.48676,0.49137,-0.0,1.0
44,1.467,24,right_hip,0.54823,0.49137,-0.0,1.0
44,1.467,25,left_knee,0.49991,0.61922,-0.02197,1.0
44,1.467,26,right_knee,0.5555,0.61922,-0.02197,1.0
44,1.467,27,left_ankle,0.49264,0.73529,-0.00294,1.0
44,1.467,28,right_ankle,0.54235,0.73529,-0.00294,1.0
44,1.467,29,left_heel,0.49264,0.74412,0.01471,1.0
44,1.467,30,right_heel,0.54235,0.74412,0.01471,1.0
44,1.467,31,left_foot_index,0.49264,0.75735,-0.03235,1.0
44,1.467,32,right_foot_index,0.54235,0.75735,-0.03235,1.0
45,1.5,0,nose,0.52391,0.27365,-0.01021,1.0
45,1.5,1,left_eye_inner,0.51655,0.26629,-0.01374,1.0
45,1.5,2,left_eye,0.51067,0.26482,-0.01257,1.0
45,1.5,3,left_eye_outer,0.50479,0.26541,-0.01021,1.0
45,1.5,4,right_eye_inner,0.53126,0.26629,-0.01374,1.0
45,1.5,5,right_eye,0.53714,0.26482,-0.01257,1.0
45,1.5,6,right_eye_outer,0.54303,0.26541,-0.01021,1.0
45,1.5,7,left_ear,0.50185,0.27071,-0.00727,1.0
45,1.5,8,right_ear,0.54597,0.27071,-0.00727,1.0
45,1.5,9,mouth_left,0.51508,0.28394,-0.01257,1.0
45,1.5,10,mouth_right,0.53273,0.28394,-0.01257,1.0
45,1.5,11,left_shoulder,0.45864,0.34424,0.01825,1.0
45,1.5,12,right_shoulder,0.57665,0.34424,-0.01825,1.0
45,1.5,13,left_elbow,0.41532,0.37449,-0.05241,1.0
45,1.5,14,right_elbow,0.64834,0.34865,-0.06951,1.0
45,1.5,15,left_wrist,0.38528,0.43347,-0.10141,1.0
45,1.5,16,right_wrist,0.71445,0.36189,-0.11679,1.0
45,1.5,17,left_pinky,0.37121,0.45243,-0.11716,1.0
45,1.5,18,right_pinky,0.73129,0.36614,-0.13199,1.0
45,1.5,19,left_index,0.37896,0.45454,-0.11891,1.0
45,1.5,20,right_index,0.74248,0.36662,-0.13368,1.0
45,1.5,21,left_thumb,0.37884,0.44023,-0.11632,1.0
45,1.5,22,right_thumb,0.72862,0.35884,-0.13134,1.0
45,1.5,23,left_hip,0.48691,0.49129,-0.0,1.0
45,1.5,24,right_hip,0.54838,0.49129,-0.0,1.0
45,1.5,25,left_knee,0.50003,0.61918,-0.02194,1.0
45,1.5,26,right_knee,0.55562,0.61918,-0.02194,1.0
45,1.5,27,left_ankle,0.49279,0.73529,-0.00294,1.0
45,1.5,28,right_ankle,0.5425,0.73529,-0.00294,1.0
45,1.5,29,left_heel,0.49279,0.74412,0.01471,1.0
45,1.5,30,right_heel,0.5425,0.74412,0.01471,1.0
45,1.5,31,left_foot_index,0.49279,0.75735,-0.03235,1.0
45,1.5,32,right_foot_index,0.5425,0.75735,-0.03235,1.0
46,1.533,0,nose,0.52377,0.27374,-0.01027,1.0
46,1.533,1,left_eye_inner,0.51642,0.26638,-0.0138,1.0
46,1.533,2,left_eye,0.51053,0.26491,-0.01262,1.0
46,1.533,3,left_eye_outer,0.50465,0.2655,-0.01027,1.0
46,1.533,4,right_eye_inner,0.53112,0.26638,-0.0138,1.0
46,1.533,5,right_eye,0.537,0.26491,-0.01262,1.0
46,1.533,6,right_eye_outer,0.54289,0.2655,-0.01027,1.0
46,1.533,7,left_ear,0.50171,0.2708,-0.00733,1.0
46,1.533,8,right_ear,0.54583,0.2708,-0.00733,1.0
46,1.533,9,mouth_left,0.51495,0.28403,-0.01262,1.0
46,1.533,10,mouth_right,0.53259,0.28403,-0.01262,1.0
46,1.533,11,left_shoulder,0.4587,0.34432,0.0189,1.0
46,1.533,12,right_shoulder,0.5763,0.34432,-0.0189,1.0
46,1.533,13,left_elbow,0.41487,0.37444,-0.05151,1.0
46,1.533,14,right_elbow,0.6489,0.34814,-0.0689,1.0
46,1.533,15,left_wrist,0.38446,0.43334,-0.10038,1.0
46,1.533,16,right_wrist,0.71577,0.36193,-0.11495,1.0
46,1.533,17,left_pinky,0.37027,0.45227,-0.11609,1.0
46,1.533,18,right_pinky,0.73285,0.36636,-0.12975,1.0
46,1.533,19,left_index,0.37801,0.45438,-0.11783,1.0
46,1.533,20,right_index,0.74406,0.36685,-0.1314,1.0
46,1.533,21,left_thumb,0.37794,0.44008,-0.11526,1.0
46,1.533,22,right_thumb,0.7301,0.359,-0.12923,1.0
46,1.533,23,left_hip,0.48676,0.49138,-0.0,1.0
46,1.533,24,right_hip,0.54823,0.49138,-0.0,1.0
46,1.533,25,left_knee,0.49992,0.61922,-0.02198,1.0
46,1.533,26,right_knee,0.5555,0.61922,-0.02198,1.0
46,1.533,27,left_ankle,0.49265,0.73529,-0.00294,1.0
46,1.533,28,right_ankle,0.54235,0.73529,-0.00294,1.0
46,1.533,29,left_heel,0.49265,0.74412,0.01471,1.0
46,1.533,30,right_heel,0.54235,0.74412,0.01471,1.0
46,1.533,31,left_foot_index,0.49265,0.75735,-0.03235,1.0
46,1.533,32,right_foot_index,0.54235,0.75735,-0.03235,1.0
47,1.567,0,nose,0.52338,0.27398,-0.01042,1.0
47,1.567,1,left_eye_inner,0.51603,0.26663,-0.01395,1.0
47,1.567,2,left_eye,0.51015,0.26516,-0.01278,1.0
47,1.567,3,left_eye_outer,0.50426,0.26575,-0.01042,1.0
47,1.567,4,right_eye_inner,0.53074,0.26663,-0.01395,1.0
47,1.567,5,right_eye,0.53662,0.26516,-0.01278,1.0
47,1.567,6,right_eye_outer,0.5425,0.26575,-0.01042,1.0
47,1.567,7,left_ear,0.50132,0.27104,-0.00748,1.0
47,1.567,8,right_ear,0.54544,0.27104,-0.00748,1.0
47,1.567,9,mouth_left,0.51456,0.28428,-0.01278,1.0
47,1.567,10,mouth_right,0.53221,0.28428,-0.01278,1.0
47,1.567,11,left_shoulder,0.45889,0.34457,0.02068,1.0
47,1.567,12,right_shoulder,0.57528,0.34457,-0.02068,1.0
47,1.567,13,left_elbow,0.41367,0.3743,-0.04902,1.0
47,1.567,14,right_elbow,0.6503,0.34674,-0.06708,1.0
47,1.567,15,left_wrist,0.38222,0.43297,-0.09749,1.0
47,1.567,16,right_wrist,0.71912,0.36207,-0.10964,1.0
47,1.567,17,left_pinky,0.3677,0.45183,-0.11308,1.0
47,1.567,18,right_pinky,0.73683,0.367,-0.12332,1.0
47,1.567,19,left_index,0.3754,0.45393,-0.11481,1.0
47,1.567,20,right_index,0.74811,0.36755,-0.12484,1.0
47,1.567,21,left_thumb,0.37548,0.43967,-0.11229,1.0
47,1.567,22,right_thumb,0.73387,0.35948,-0.12317,1.0
47,1.567,23,left_hip,0.48635,0.49163,-0.0,1.0
47,1.567,24,right_hip,0.54782,0.49163,-0.0,1.0
47,1.567,25,left_knee,0.4996,0.61935,-0.02207,1.0
47,1.567,26,right_knee,0.55519,0.61935,-0.02207,1.0
47,1.567,27,left_ankle,0.49223,0.73529,-0.00294,1.0
47,1.567,28,right_ankle,0.54194,0.73529,-0.00294,1.0
47,1.567,29,left_heel,0.49223,0.74412,0.01471,1.0
47,1.567,30,right_heel,0.54194,0.74412,0.01471,1.0
47,1.567,31,left_foot_index,0.49223,0.75735,-0.03235,1.0
47,1.567,32,right_foot_index,0.54194,0.75735,-0.03235,1.0
48,1.6,0,nose,0.52278,0.27436,-0.01066,1.0
48,1.6,1,left_eye_inner,0.51543,0.26701,-0.01419,1.0
48,1.6,2,left_eye,0.50955,0.26554,-0.01302,1.0
48,1.6,3,left_eye_outer,0.50366,0.26613,-0.01066,1.0
48,1.6,4,right_eye_inner,0.53014,0.26701,-0.01419,1.0
48,1.6,5,right_eye,0.53602,0.26554,-0.01302,1.0
48,1.6,6,right_eye_outer,0.5419,0.26613,-0.01066,1.0
48,1.6,7,left_ear,0.50072,0.27142,-0.00772,1.0
48,1.6,8,right_ear,0.54484,0.27142,-0.00772,1.0
48,1.6,9,mouth_left,0.51396,0.28466,-0.01302,1.0
48,1.6,10,mouth_right,0.53161,0.28466,-0.01302,1.0
48,1.6,11,left_shoulder,0.45928,0.34495,0.02336,1.0
48,1.6,12,right_shoulder,0.57363,0.34495,-0.02336,1.0
48,1.6,13,left_elbow,0.41197,0.37408,-0.04519,1.0
48,1.6,14,right_elbow,0.65194,0.34459,-0.06402,1.0
48,1.6,15,left_wrist,0.37895,0.43241,-0.09303,1.0
48,1.6,16,right_wrist,0.7233,0.36241,-0.10106,1.0
48,1.6,17,left_pinky,0.36392,0.45116,-0.10841,1.0
48,1.6,18,right_pinky,0.74183,0.36814,-0.11297,1.0
48,1.6,19,left_index,0.37157,0.45324,-0.11012,1.0
48,1.6,20,right_index,0.7532,0.36877,-0.11429,1.0
48,1.6,21,left_thumb,0.37187,0.43903,-0.1077,1.0
48,1.6,22,right_thumb,0.73859,0.36034,-0.11341,1.0
48,1.6,23,left_hip,0.48572,0.49201,-0.0,1.0
48,1.6,24,right_hip,0.54719,0.49201,-0.0,1.0
48,1.6,25,left_knee,0.49911,0.61953,-0.02222,1.0
48,1.6,26,right_knee,0.5547,0.61953,-0.02222,1.0
48,1.6,27,left_ankle,0.4916,0.73529,-0.00294,1.0
48,1.6,28,right_ankle,0.54131,0.73529,-0.00294,1.0
48,1.6,29,left_heel,0.4916,0.74412,0.01471,1.0
48,1.6,30,right_heel,0.54131,0.74412,0.01471,1.0
48,1.6,31,left_foot_index,0.4916,0.75735,-0.03235,1.0
48,1.6,32,right_foot_index,0.54131,0.75735,-0.03235,1.0
49,1.633,0,nose,0.522,0.27484,-0.01097,1.0
49,1.633,1,left_eye_inner,0.51465,0.26749,-0.0145,1.0
49,1.633,2,left_eye,0.50877,0.26602,-0.01332,1.0
49,1.633,3,left_eye_outer,0.50289,0.26661,-0.01097,1.0
49,1.633,4,right_eye_inner,0.52936,0.26749,-0.0145,1.0
49,1.633,5,right_eye,0.53524,0.26602,-0.01332,1.0
49,1.633,6,right_eye_outer,0.54112,0.26661,-0.01097,1.0
49,1.633,7,left_ear,0.49994,0.2719,-0.00803,1.0
49,1.633,8,right_ear,0.54406,0.2719,-0.00803,1.0
49,1.633,9,mouth_left,0.51318,0.28514,-0.01332,1.0
49,1.633,10,mouth_right,0.53083,0.28514,-0.01332,1.0
49,1.633,11,left_shoulder,0.45995,0.34543,0.02668,1.0
49,1.633,12,right_shoulder,0.57136,0.34543,-0.02668,1.0
49,1.633,13,left_elbow,0.41004,0.37381,-0.04031,1.0
49,1.633,14,right_elbow,0.65311,0.34188,-0.05969,1.0
49,1.633,15,left_wrist,0.37504,0.43169,-0.08729,1.0
49,1.633,16,right_wrist,0.7269,0.36306,-0.08949,1.0
49,1.633,17,left_pinky,0.35938,0.4503,-0.10239,1.0
49,1.633,18,right_pinky,0.74621,0.36986,-0.09906,1.0
49,1.633,19,left_index,0.36695,0.45237,-0.10406,1.0
49,1.633,20,right_index,0.75767,0.37062,-0.10013,1.0
49,1.633,21,left_thumb,0.36754,0.43821,-0.10177,1.0
49,1.633,22,right_thumb,0.74272,0.36171,-0.10028,1.0
49,1.633,23,left_hip,0.48492,0.49249,-0.0,1.0
49,1.633,24,right_hip,0.54639,0.49249,-0.0,1.0
49,1.633,25,left_knee,0.4985,0.61977,-0.02241,1.0
49,1.633,26,right_knee,0.55409,0.61977,-0.02241,1.0
49,1.633,27,left_ankle,0.4908,0.73529,-0.00294,1.0
49,1.633,28,right_ankle,0.54051,0.73529,-0.00294,1.0
49,1.633,29,left_heel,0.4908,0.74412,0.01471,1.0
49,1.633,30,right_heel,0.54051,0.74412,0.01471,1.0
49,1.633,31,left_foot_index,0.4908,0.75735,-0.03235,1.0
49,1.633,32,right_foot_index,0.54051,0.75735,-0.03235,1.0
50,1.667,0,nose,0.52108,0.27539,-0.01133,1.0
50,1.667,1,left_eye_inner,0.51373,0.26804,-0.01486,1.0
50,1.667,2,left_eye,0.50784,0.26657,-0.01368,1.0
50,1.667,3,left_eye_outer,0.50196,0.26716,-0.01133,1.0
50,1.667,4,right_eye_inner,0.52843,0.26804,-0.01486,1.0
50,1.667,5,right_eye,0.53432,0.26657,-0.01368,1.0
50,1.667,6,right_eye_outer,0.5402,0.26716,-0.01133,1.0
50,1.667,7,left_ear,0.49902,0.27245,-0.00839,1.0
50,1.667,8,right_ear,0.54314,0.27245,-0.00839,1.0
50,1.667,9,mouth_left,0.51226,0.28569,-0.01368,1.0
50,1.667,10,mouth_right,0.5299,0.28569,-0.01368,1.0
50,1.667,11,left_shoulder,0.46097,0.34598,0.03039,1.0
50,1.667,12,right_shoulder,0.5685,0.34598,-0.03039,1.0
50,1.667,13,left_elbow,0.40812,0.37349,-0.03469,1.0
50,1.667,14,right_elbow,0.65316,0.33876,-0.05421,1.0
50,1.667,15,left_wrist,0.37088,0.43085,-0.08056,1.0
50,1.667,16,right_wrist,0.72857,0.36413,-0.07544,1.0
50,1.667,17,left_pinky,0.35449,0.44929,-0.0953,1.0
50,1.667,18,right_pinky,0.7484,0.37229,-0.08226,1.0
50,1.667,19,left_index,0.36199,0.45134,-0.09694,1.0
50,1.667,20,right_index,0.75992,0.3732,-0.08302,1.0
50,1.667,21,left_thumb,0.36289,0.43726,-0.0948,1.0
50,1.667,22,right_thumb,0.74473,0.36369,-0.0844,1.0
50,1.667,23,left_hip,0.484,0.49304,-0.0,1.0
50,1.667,24,right_hip,0.54547,0.49304,-0.0,1.0
50,1.667,25,left_knee,0.4978,0.62005,-0.02262,1.0
50,1.667,26,right_knee,0.55339,0.62005,-0.02262,1.0
50,1.667,27,left_ankle,0.48988,0.73529,-0.00294,1.0
50,1.667,28,right_ankle,0.53959,0.73529,-0.00294,1.0
50,1.667,29,left_heel,0.48988,0.74412,0.01471,1.0
50,1.667,30,right_heel,0.53959,0.74412,0.01471,1.0
50,1.667,31,left_foot_index,0.48988,0.75735,-0.03235,1.0
50,1.667,32,right_foot_index,0.53959,0.75735,-0.03235,1.0
51,1.7,0,nose,0.52005,0.27599,-0.01172,1.0
51,1.7,1,left_eye_inner,0.5127,0.26864,-0.01525,1.0
51,1.7,2,left_eye,0.50682,0.26717,-0.01407,1.0
51,1.7,3,left_eye_outer,0.50094,0.26775,-0.01172,1.0
51,1.7,4,right_eye_inner,0.52741,0.26864,-0.01525,1.0
51,1.7,5,right_eye,0.53329,0.26717,-0.01407,1.0
51,1.7,6,right_eye_outer,0.53917,0.26775,-0.01172,1.0
51,1.7,7,left_ear,0.49799,0.27305,-0.00878,1.0
51,1.7,8,right_ear,0.54211,0.27305,-0.00878,1.0
51,1.7,9,mouth_left,0.51123,0.28628,-0.01407,1.0
51,1.7,10,mouth_right,0.52888,0.28628,-0.01407,1.0
51,1.7,11,left_shoulder,0.46234,0.34658,0.03424,1.0
51,1.7,12,right_shoulder,0.56515,0.34658,-0.03424,1.0
51,1.7,13,left_elbow,0.40642,0.37314,-0.02863,1.0
51,1.7,14,right_elbow,0.65161,0.3354,-0.04786,1.0
51,1.7,15,left_wrist,0.36678,0.42994,-0.07319,1.0
51,1.7,16,right_wrist,0.72725,0.36572,-0.05978,1.0
51,1.7,17,left_pinky,0.34963,0.44819,-0.08751,1.0
51,1.7,18,right_pinky,0.74715,0.37547,-0.06361,1.0
51,1.7,19,left_index,0.35704,0.45022,-0.0891,1.0
51,1.7,20,right_index,0.75867,0.37655,-0.06403,1.0
51,1.7,21,left_thumb,0.35829,0.43623,-0.08715,1.0
51,1.7,22,right_thumb,0.74345,0.36633,-0.06674,1.0
51,1.7,23,left_hip,0.48301,0.49364,-0.0,1.0
51,1.7,24,right_hip,0.54448,0.49364,-0.0,1.0
51,1.7,25,left_knee,0.49704,0.62035,-0.02285,1.0
51,1.7,26,right_knee,0.55262,0.62035,-0.02285,1.0
51,1.7,27,left_ankle,0.48889,0.73529,-0.00294,1.0
51,1.7,28,right_ankle,0.5386,0.73529,-0.00294,1.0
51,1.7,29,left_heel,0.48889,0.74412,0.01471,1.0
51,1.7,30,right_heel,0.5386,0.74412,0.01471,1.0
51,1.7,31,left_foot_index,0.48889,0.75735,-0.03235,1.0
51,1.7,32,right_foot_index,0.5386,0.75735,-0.03235,1.0
52,1.733,0,nose,0.51897,0.2766,-0.01212,1.0
52,1.733,1,left_eye_inner,0.51161,0.26925,-0.01565,1.0
52,1.733,2,left_eye,0.50573,0.26778,-0.01447,1.0
52,1.733,3,left_eye_outer,0.49985,0.26836,-0.01212,1.0
52,1.733,4,right_eye_inner,0.52632,0.26925,-0.01565,1.0
52,1.733,5,right_eye,0.5322,0.26778,-0.01447,1.0
52,1.733,6,right_eye_outer,0.53808,0.26836,-0.01212,1.0
52,1.733,7,left_ear,0.49691,0.27366,-0.00918,1.0
52,1.733,8,right_ear,0.54102,0.27366,-0.00918,1.0
52,1.733,9,mouth_left,0.51014,0.28689,-0.01447,1.0
52,1.733,10,mouth_right,0.52779,0.28689,-0.01447,1.0
52,1.733,11,left_shoulder,0.46403,0.34719,0.03799,1.0
52,1.733,12,right_shoulder,0.56143,0.34719,-0.03799,1.0
52,1.733,13,left_elbow,0.40506,0.37278,-0.02246,1.0
52,1.733,14,right_elbow,0.64829,0.332,-0.04106,1.0
52,1.733,15,left_wrist,0.36303,0.42898,-0.06554,1.0
52,1.733,16,right_wrist,0.72241,0.36781,-0.04368,1.0
52,1.733,17,left_pinky,0.34511,0.44705,-0.07939,1.0
52,1.733,18,right_pinky,0.74182,0.37932,-0.04452,1.0
52,1.733,19,left_index,0.35243,0.44906,-0.08093,1.0
52,1.733,20,right_index,0.75329,0.3806,-0.04461,1.0
52,1.733,21,left_thumb,0.35402,0.43515,-0.07918,1.0
52,1.733,22,right_thumb,0.73829,0.3696,-0.04865,1.0
52,1.733,23,left_hip,0.48199,0.49425,-0.0,1.0
52,1.733,24,right_hip,0.54346,0.49425,-0.0,1.0
52,1.733,25,left_knee,0.49626,0.62065,-0.02309,1.0
52,1.733,26,right_knee,0.55185,0.62065,-0.02309,1.0
52,1.733,27,left_ankle,0.48787,0.73529,-0.00294,1.0
52,1.733,28,right_ankle,0.53758,0.73529,-0.00294,1.0
52,1.733,29,left_heel,0.48787,0.74412,0.01471,1.0
52,1.733,30,right_heel,0.53758,0.74412,0.01471,1.0
52,1.733,31,left_foot_index,0.48787,0.75735,-0.03235,1.0
52,1.733,32,right_foot_index,0.53758,0.75735,-0.03235,1.0
53,1.767,0,nose,0.51787,0.27719,-0.01251,1.0
53,1.767,1,left_eye_inner,0.51052,0.26984,-0.01604,1.0
53,1.767,2,left_eye,0.50463,0.26837,-0.01486,1.0
53,1.767,3,left_eye_outer,0.49875,0.26896,-0.01251,1.0
53,1.767,4,right_eye_inner,0.52522,0.26984,-0.01604,1.0
53,1.767,5,right_eye,0.5311,0.26837,-0.01486,1.0
53,1.767,6,right_eye_outer,0.53699,0.26896,-0.01251,1.0
53,1.767,7,left_ear,0.49581,0.27425,-0.00957,1.0
53,1.767,8,right_ear,0.53993,0.27425,-0.00957,1.0
53,1.767,9,mouth_left,0.50905,0.28749,-0.01486,1.0
53,1.767,10,mouth_right,0.52669,0.28749,-0.01486,1.0
53,1.767,11,left_shoulder,0.46594,0.34778,0.04144,1.0
53,1.767,12,right_shoulder,0.55753,0.34778,-0.04144,1.0
53,1.767,13,left_elbow,0.40411,0.37242,-0.01648,1.0
53,1.767,14,right_elbow,0.64339,0.3287,-0.03432,1.0
53,1.767,15,left_wrist,0.35978,0.42804,-0.05801,1.0
53,1.767,16,right_wrist,0.71424,0.37025,-0.02845,1.0
53,1.767,17,left_pinky,0.34113,0.44592,-0.07135,1.0
53,1.767,18,right_pinky,0.73261,0.38361,-0.02656,1.0
53,1.767,19,left_index,0.34837,0.4479,-0.07283,1.0
53,1.767,20,right_index,0.74396,0.38509,-0.02635,1.0
53,1.767,21,left_thumb,0.35029,0.43408,-0.07131,1.0
53,1.767,22,right_thumb,0.72943,0.37327,-0.0316,1.0
53,1.767,23,left_hip,0.481,0.49484,-0.0,1.0
53,1.767,24,right_hip,0.54247,0.49484,-0.0,1.0
53,1.767,25,left_knee,0.4955,0.62095,-0.02332,1.0
53,1.767,26,right_knee,0.55109,0.62095,-0.02332,1.0
53,1.767,27,left_ankle,0.48688,0.73529,-0.00294,1.0
53,1.767,28,right_ankle,0.53659,0.73529,-0.00294,1.0
53,1.767,29,left_heel,0.48688,0.74412,0.01471,1.0
53,1.767,30,right_heel,0.53659,0.74412,0.01471,1.0
53,1.767,31,left_foot_index,0.48688,0.75735,-0.03235,1.0
53,1.767,32,right_foot_index,0.53659,0.75735,-0.03235,1.0
54,1.8,0,nose,0.51682,0.27775,-0.01287,1.0
54,1.8,1,left_eye_inner,0.50947,0.27039,-0.01639,1.0
54,1.8,2,left_eye,0.50359,0.26892,-0.01522,1.0
54,1.8,3,left_eye_outer,0.4977,0.26951,-0.01287,1.0
54,1.8,4,right_eye_inner,0.52417,0.27039,-0.01639,1.0
54,1.8,5,right_eye,0.53006,0.26892,-0.01522,1.0
54,1.8,6,right_eye_outer,0.53594,0.26951,-0.01287,1.0
54,1.8,7,left_ear,0.49476,0.2748,-0.00992,1.0
54,1.8,8,right_ear,0.53888,0.2748,-0.00992,1.0
54,1.8,9,mouth_left,0.508,0.28804,-0.01522,1.0
54,1.8,10,mouth_right,0.52565,0.28804,-0.01522,1.0
54,1.8,11,left_shoulder,0.46793,0.34833,0.04445,1.0
54,1.8,12,right_shoulder,0.5537,0.34833,-0.04445,1.0
54,1.8,13,left_elbow,0.40355,0.37209,-0.01102,1.0
54,1.8,14,right_elbow,0.63741,0.32568,-0.02816,1.0
54,1.8,15,left_wrist,0.35715,0.42715,-0.05098,1.0
54,1.8,16,right_wrist,0.70371,0.3728,-0.01526,1.0
54,1.8,17,left_pinky,0.33783,0.44485,-0.06383,1.0
54,1.8,18,right_pinky,0.72061,0.38794,-0.01112,1.0
54,1.8,19,left_index,0.34499,0.44682,-0.06525,1.0
54,1.8,20,right_index,0.7318,0.38962,-0.01066,1.0
54,1.8,21,left_thumb,0.34721,0.43307,-0.06396,1.0
54,1.8,22,right_thumb,0.71791,0.37701,-0.01691,1.0
54,1.8,23,left_hip,0.48008,0.49539,-0.0,1.0
54,1.8,24,right_hip,0.54155,0.49539,-0.0,1.0
54,1.8,25,left_knee,0.49479,0.62123,-0.02354,1.0
54,1.8,26,right_knee,0.55038,0.62123,-0.02354,1.0
54,1.8,27,left_ankle,0.48596,0.73529,-0.00294,1.0
54,1.8,28,right_ankle,0.53567,0.73529,-0.00294,1.0
54,1.8,29,left_heel,0.48596,0.74412,0.01471,1.0
54,1.8,30,right_heel,0.53567,0.74412,0.01471,1.0
54,1.8,31,left_foot_index,0.48596,0.75735,-0.03235,1.0
54,1.8,32,right_foot_index,0.53567,0.75735,-0.03235,1.0
55,1.833,0,nose,0.51589,0.27823,-0.01317,1.0
55,1.833,1,left_eye_inner,0.50853,0.27087,-0.0167,1.0
55,1.833,2,left_eye,0.50265,0.2694,-0.01552,1.0
55,1.833,3,left_eye_outer,0.49677,0.26999,-0.01317,1.0
55,1.833,4,right_eye_inner,0.52324,0.27087,-0.0167,1.0
55,1.833,5,right_eye,0.52912,0.2694,-0.01552,1.0
55,1.833,6,right_eye_outer,0.53501,0.26999,-0.01317,1.0
55,1.833,7,left_ear,0.49383,0.27528,-0.01023,1.0
55,1.833,8,right_ear,0.53795,0.27528,-0.01023,1.0
55,1.833,9,mouth_left,0.50706,0.28852,-0.01552,1.0
55,1.833,10,mouth_right,0.52471,0.28852,-0.01552,1.0
55,1.833,11,left_shoulder,0.46982,0.34881,0.04689,1.0
55,1.833,12,right_shoulder,0.55021,0.34881,-0.04689,1.0
55,1.833,13,left_elbow,0.4033,0.3718,-0.00633,1.0
55,1.833,14,right_elbow,0.63116,0.32308,-0.02298,1.0
55,1.833,15,left_wrist,0.35515,0.42638,-0.04486,1.0
55,1.833,16,right_wrist,0.69237,0.37512,-0.0049,1.0
55,1.833,17,left_pinky,0.33526,0.44392,-0.05725,1.0
55,1.833,18,right_pinky,0.70763,0.39185,0.00092,1.0
55,1.833,19,left_index,0.34237,0.44587,-0.05862,1.0
55,1.833,20,right_index,0.71864,0.39371,0.00156,1.0
55,1.833,21,left_thumb,0.34483,0.43219,-0.05753,1.0
55,1.833,22,right_thumb,0.70549,0.38039,-0.00543,1.0
55,1.833,23,left_hip,0.47928,0.49587,-0.0,1.0
55,1.833,24,right_hip,0.54075,0.49587,-0.0,1.0
55,1.833,25,left_knee,0.49418,0.62147,-0.02372,1.0
55,1.833,26,right_knee,0.54977,0.62147,-0.02372,1.0
55,1.833,27,left_ankle,0.48516,0.73529,-0.00294,1.0
55,1.833,28,right_ankle,0.53487,0.73529,-0.00294,1.0
55,1.833,29,left_heel,0.48516,0.74412,0.01471,1.0
55,1.833,30,right_heel,0.53487,0.74412,0.01471,1.0
55,1.833,31,left_foot_index,0.48516,0.75735,-0.03235,1.0
55,1.833,32,right_foot_index,0.53487,0.75735,-0.03235,1.0
56,1.867,0,nose,0.51513,0.2786,-0.0134,1.0
56,1.867,1,left_eye_inner,0.50778,0.27125,-0.01693,1.0
56,1.867,2,left_eye,0.5019,0.26978,-0.01576,1.0
56,1.867,3,left_eye_outer,0.49602,0.27037,-0.0134,1.0
56,1.867,4,right_eye_inner,0.52249,0.27125,-0.01693,1.0
56,1.867,5,right_eye,0.52837,0.26978,-0.01576,1.0
56,1.867,6,right_eye_outer,0.53425,0.27037,-0.0134,1.0
56,1.867,7,left_ear,0.49308,0.27566,-0.01046,1.0
56,1.867,8,right_ear,0.53719,0.27566,-0.01046,1.0
56,1.867,9,mouth_left,0.50631,0.2889,-0.01576,1.0
56,1.867,10,mouth_right,0.52396,0.2889,-0.01576,1.0
56,1.867,11,left_shoulder,0.47141,0.34919,0.04871,1.0
56,1.867,12,right_shoulder,0.54736,0.34919,-0.04871,1.0
56,1.867,13,left_elbow,0.40327,0.37157,-0.00269,1.0
56,1.867,14,right_elbow,0.62556,0.32106,-0.01907,1.0
56,1.867,15,left_wrist,0.35376,0.42576,-0.04004,1.0
56,1.867,16,right_wrist,0.68212,0.37695,0.00237,1.0
56,1.867,17,left_pinky,0.33344,0.44317,-0.05204,1.0
56,1.867,18,right_pinky,0.69589,0.39491,0.00926,1.0
56,1.867,19,left_index,0.3405,0.44511,-0.05337,1.0
56,1.867,20,right_index,0.70673,0.39691,0.01002,1.0
56,1.867,21,left_thumb,0.34316,0.43148,-0.05245,1.0
56,1.867,22,right_thumb,0.69424,0.38304,0.00255,1.0
56,1.867,23,left_hip,0.47865,0.49625,-0.0,1.0
56,1.867,24,right_hip,0.54012,0.49625,-0.0,1.0
56,1.867,25,left_knee,0.4937,0.62165,-0.02387,1.0
56,1.867,26,right_knee,0.54928,0.62165,-0.02387,1.0
56,1.867,27,left_ankle,0.48453,0.73529,-0.00294,1.0
56,1.867,28,right_ankle,0.53424,0.73529,-0.00294,1.0
56,1.867,29,left_heel,0.48453,0.74412,0.01471,1.0
56,1.867,30,right_heel,0.53424,0.74412,0.01471,1.0
56,1.867,31,left_foot_index,0.48453,0.75735,-0.03235,1.0
56,1.867,32,right_foot_index,0.53424,0.75735,-0.03235,1.0
57,1.9,0,nose,0.51463,0.27885,-0.01355,1.0
57,1.9,1,left_eye_inner,0.50728,0.2715,-0.01708,1.0
57,1.9,2,left_eye,0.5014,0.27003,-0.01591,1.0
57,1.9,3,left_eye_outer,0.49552,0.27062,-0.01355,1.0
57,1.9,4,right_eye_inner,0.52199,0.2715,-0.01708,1.0
57,1.9,5,right_eye,0.52787,0.27003,-0.01591,1.0
57,1.9,6,right_eye_outer,0.53375,0.27062,-0.01355,1.0
57,1.9,7,left_ear,0.49257,0.27591,-0.01061,1.0
57,1.9,8,right_ear,0.53669,0.27591,-0.01061,1.0
57,1.9,9,mouth_left,0.50581,0.28915,-0.01591,1.0
57,1.9,10,mouth_right,0.52346,0.28915,-0.01591,1.0
57,1.9,11,left_shoulder,0.4725,0.34944,0.04984,1.0
57,1.9,12,right_shoulder,0.54545,0.34944,-0.04984,1.0
57,1.9,13,left_elbow,0.40332,0.37141,-0.00033,1.0
57,1.9,14,right_elbow,0.6216,0.31974,-0.01661,1.0
57,1.9,15,left_wrist,0.35294,0.42535,-0.03687,1.0
57,1.9,16,right_wrist,0.67484,0.37811,0.00663,1.0
57,1.9,17,left_pinky,0.33234,0.44268,-0.04862,1.0
57,1.9,18,right_pinky,0.68754,0.39688,0.0141,1.0
57,1.9,19,left_index,0.33936,0.44461,-0.04992,1.0
57,1.9,20,right_index,0.69827,0.39896,0.01493,1.0
57,1.9,21,left_thumb,0.34215,0.43102,-0.04912,1.0
57,1.9,22,right_thumb,0.68625,0.38474,0.0072,1.0
57,1.9,23,left_hip,0.47824,0.4965,-0.0,1.0
57,1.9,24,right_hip,0.53971,0.4965,-0.0,1.0
57,1.9,25,left_knee,0.49338,0.62178,-0.02397,1.0
57,1.9,26,right_knee,0.54897,0.62178,-0.02397,1.0
57,1.9,27,left_ankle,0.48412,0.73529,-0.00294,1.0
57,1.9,28,right_ankle,0.53383,0.73529,-0.00294,1.0
57,1.9,29,left_heel,0.48412,0.74412,0.01471,1.0
57,1.9,30,right_heel,0.53383,0.74412,0.01471,1.0
57,1.9,31,left_foot_index,0.48412,0.75735,-0.03235,1.0
57,1.9,32,right_foot_index,0.53383,0.75735,-0.03235,1.0
58,1.933,0,nose,0.51445,0.27894,-0.01361,1.0
58,1.933,1,left_eye_inner,0.5071,0.27159,-0.01714,1.0
58,1.933,2,left_eye,0.50122,0.27012,-0.01596,1.0
58,1.933,3,left_eye_outer,0.49533,0.27071,-0.01361,1.0
58,1.933,4,right_eye_inner,0.5218,0.27159,-0.01714,1.0
58,1.933,5,right_eye,0.52769,0.27012,-0.01596,1.0
58,1.933,6,right_eye_outer,0.53357,0.27071,-0.01361,1.0
58,1.933,7,left_ear,0.49239,0.276,-0.01067,1.0
58,1.933,8,right_ear,0.53651,0.276,-0.01067,1.0
58,1.933,9,mouth_left,0.50563,0.28924,-0.01596,1.0
58,1.933,10,mouth_right,0.52327,0.28924,-0.01596,1.0
58,1.933,11,left_shoulder,0.4729,0.34953,0.05024,1.0
58,1.933,12,right_shoulder,0.54475,0.34953,-0.05024,1.0
58,1.933,13,left_elbow,0.40336,0.37136,0.00051,1.0
58,1.933,14,right_elbow,0.62012,0.31927,-0.01575,1.0
58,1.933,15,left_wrist,0.35267,0.4252,-0.03574,1.0
58,1.933,16,right_wrist,0.67213,0.37852,0.00806,1.0
58,1.933,17,left_pinky,0.33196,0.4425,-0.04739,1.0
58,1.933,18,right_pinky,0.68444,0.39756,0.01571,1.0
58,1.933,19,left_index,0.33897,0.44443,-0.04868,1.0
58,1.933,20,right_index,0.69512,0.39968,0.01656,1.0
58,1.933,21,left_thumb,0.3418,0.43085,-0.04792,1.0
58,1.933,22,right_thumb,0.68328,0.38533,0.00874,1.0
58,1.933,23,left_hip,0.47809,0.49659,-0.0,1.0
58,1.933,24,right_hip,0.53956,0.49659,-0.0,1.0
58,1.933,25,left_knee,0.49326,0.62182,-0.024,1.0
58,1.933,26,right_knee,0.54885,0.62182,-0.024,1.0
58,1.933,27,left_ankle,0.48397,0.73529,-0.00294,1.0
58,1.933,28,right_ankle,0.53368,0.73529,-0.00294,1.0
58,1.933,29,left_heel,0.48397,0.74412,0.01471,1.0
58,1.933,30,right_heel,0.53368,0.74412,0.01471,1.0
58,1.933,31,left_foot_index,0.48397,0.75735,-0.03235,1.0
58,1.933,32,right_foot_index,0.53368,0.75735,-0.03235,1.0
59,1.967,0,nose,0.51444,0.27894,-0.0136,1.0
59,1.967,1,left_eye_inner,0.50709,0.27158,-0.01713,1.0
59,1.967,2,left_eye,0.50121,0.27011,-0.01595,1.0
59,1.967,3,left_eye_outer,0.49533,0.2707,-0.0136,1.0
59,1.967,4,right_eye_inner,0.5218,0.27158,-0.01713,1.0
59,1.967,5,right_eye,0.52768,0.27011,-0.01595,1.0
59,1.967,6,right_eye_outer,0.53356,0.2707,-0.0136,1.0
59,1.967,7,left_ear,0.49239,0.276,-0.01066,1.0
59,1.967,8,right_ear,0.5365,0.276,-0.01066,1.0
59,1.967,9,mouth_left,0.50562,0.28923,-0.01595,1.0
59,1.967,10,mouth_right,0.52327,0.28923,-0.01595,1.0
59,1.967,11,left_shoulder,0.47271,0.34952,0.05013,1.0
59,1.967,12,right_shoulder,0.54488,0.34952,-0.05013,1.0
59,1.967,13,left_elbow,0.40337,0.3714,0.00015,1.0
59,1.967,14,right_elbow,0.62055,0.31948,-0.01611,1.0
59,1.967,15,left_wrist,0.35284,0.42527,-0.03628,1.0
59,1.967,16,right_wrist,0.6727,0.37875,0.00733,1.0
59,1.967,17,left_pinky,0.33218,0.44259,-0.04798,1.0
59,1.967,18,right_pinky,0.68505,0.39781,0.01487,1.0
59,1.967,19,left_index,0.3392,0.44451,-0.04928,1.0
59,1.967,20,right_index,0.69574,0.39992,0.0157,1.0
59,1.967,21,left_thumb,0.34201,0.43093,-0.04849,1.0
59,1.967,22,right_thumb,0.68388,0.38557,0.00794,1.0
59,1.967,23,left_hip,0.47806,0.49658,-0.0,1.0
59,1.967,24,right_hip,0.53953,0.49658,-0.0,1.0
59,1.967,25,left_knee,0.49324,0.62182,-0.024,1.0
59,1.967,26,right_knee,0.54883,0.62182,-0.024,1.0
59,1.967,27,left_ankle,0.48395,0.73529,-0.00294,1.0
59,1.967,28,right_ankle,0.53365,0.73529,-0.00294,1.0
59,1.967,29,left_heel,0.48395,0.74412,0.01471,1.0
59,1.967,30,right_heel,0.53365,0.74412,0.01471,1.0
59,1.967,31,left_foot_index,0.48395,0.75735,-0.03235,1.0
59,1.967,32,right_foot_index,0.53365,0.75735,-0.03235,1.0
60,2.0,0,nose,0.51442,0.27892,-0.01358,1.0
60,2.0,1,left_eye_inner,0.50707,0.27157,-0.01711,1.0
60,2.0,2,left_eye,0.50119,0.2701,-0.01593,1.0
60,2.0,3,left_eye_outer,0.49531,0.27069,-0.01358,1.0
60,2.0,4,right_eye_inner,0.52178,0.27157,-0.01711,1.0
60,2.0,5,right_eye,0.52766,0.2701,-0.01593,1.0
60,2.0,6,right_eye_outer,0.53354,0.27069,-0.01358,1.0
60,2.0,7,left_ear,0.49236,0.27598,-0.01064,1.0
60,2.0,8,right_ear,0.53648,0.27598,-0.01064,1.0
60,2.0,9,mouth_left,0.5056,0.28922,-0.01593,1.0
60,2.0,10,mouth_right,0.52325,0.28922,-0.01593,1.0
60,2.0,11,left_shoulder,0.47218,0.34951,0.04979,1.0
60,2.0,12,right_shoulder,0.54527,0.34951,-0.04979,1.0
60,2.0,13,left_elbow,0.40341,0.37153,-0.00092,1.0
60,2.0,14,right_elbow,0.6218,0.3201,-0.01718,1.0
60,2.0,15,left_wrist,0.35334,0.4255,-0.03784,1.0
60,2.0,16,right_wrist,0.67433,0.37944,0.0052,1.0
60,2.0,17,left_pinky,0.33284,0.44284,-0.04971,1.0
60,2.0,18,right_pinky,0.6868,0.39851,0.0124,1.0
60,2.0,19,left_index,0.33987,0.44477,-0.05102,1.0
60,2.0,20,right_index,0.6975,0.40063,0.01319,1.0
60,2.0,21,left_thumb,0.34261,0.43118,-0.05016,1.0
60,2.0,22,right_thumb,0.68558,0.38627,0.00559,1.0
60,2.0,23,left_hip,0.47799,0.49657,-0.0,1.0
60,2.0,24,right_hip,0.53946,0.49657,-0.0,1.0
60,2.0,25,left_knee,0.49316,0.62181,-0.02399,1.0
60,2.0,26,right_knee,0.54875,0.62181,-0.02399,1.0
60,2.0,27,left_ankle,0.48387,0.73529,-0.00294,1.0
60,2.0,28,right_ankle,0.53358,0.73529,-0.00294,1.0
60,2.0,29,left_heel,0.48387,0.74412,0.01471,1.0
60,2.0,30,right_heel,0.53358,0.74412,0.01471,1.0
60,2.0,31,left_foot_index,0.48387,0.75735,-0.03235,1.0
60,2.0,32,right_foot_index,0.53358,0.75735,-0.03235,1.0
61,2.033,0,nose,0.51439,0.2789,-0.01354,1.0
61,2.033,1,left_eye_inner,0.50704,0.27155,-0.01707,1.0
61,2.033,2,left_eye,0.50115,0.27008,-0.01589,1.0
61,2.033,3,left_eye_outer,0.49527,0.27067,-0.01354,1.0
61,2.033,4,right_eye_inner,0.52174,0.27155,-0.01707,1.0
61,2.033,5,right_eye,0.52763,0.27008,-0.01589,1.0
61,2.033,6,right_eye_outer,0.53351,0.27067,-0.01354,1.0
61,2.033,7,left_ear,0.49233,0.27596,-0.0106,1.0
61,2.033,8,right_ear,0.53645,0.27596,-0.0106,1.0
61,2.033,9,mouth_left,0.50557,0.2892,-0.01589,1.0
61,2.033,10,mouth_right,0.52321,0.2892,-0.01589,1.0
61,2.033,11,left_shoulder,0.47133,0.34949,0.04925,1.0
61,2.033,12,right_shoulder,0.54589,0.34949,-0.04925,1.0
61,2.033,13,left_elbow,0.4035,0.37174,-0.00263,1.0
61,2.033,14,right_elbow,0.62374,0.32109,-0.01895,1.0
61,2.033,15,left_wrist,0.35419,0.42585,-0.04034,1.0
61,2.033,16,right_wrist,0.67683,0.38055,0.00171,1.0
61,2.033,17,left_pinky,0.33393,0.44325,-0.05246,1.0
61,2.033,18,right_pinky,0.68949,0.39966,0.00835,1.0
61,2.033,19,left_index,0.34099,0.44518,-0.05381,1.0
61,2.033,20,right_index,0.70021,0.40178,0.00909,1.0
61,2.033,21,left_thumb,0.34363,0.43157,-0.05284,1.0
61,2.033,22,right_thumb,0.68821,0.38741,0.00173,1.0
61,2.033,23,left_hip,0.47787,0.49655,-0.0,1.0
61,2.033,24,right_hip,0.53934,0.49655,-0.0,1.0
61,2.033,25,left_knee,0.49303,0.6218,-0.02398,1.0
61,2.033,26,right_knee,0.54862,0.6218,-0.02398,1.0
61,2.033,27,left_ankle,0.48375,0.73529,-0.00294,1.0
61,2.033,28,right_ankle,0.53346,0.73529,-0.00294,1.0
61,2.033,29,left_heel,0.48375,0.74412,0.01471,1.0
61,2.033,30,right_heel,0.53346,0.74412,0.01471,1.0
61,2.033,31,left_foot_index,0.48375,0.75735,-0.03235,1.0
61,2.033,32,right_foot_index,0.53346,0.75735,-0.03235,1.0
62,2.067,0,nose,0.51434,0.27887,-0.01348,1.0
62,2.067,1,left_eye_inner,0.50699,0.27152,-0.01701,1.0
62,2.067,2,left_eye,0.50111,0.27005,-0.01583,1.0
62,2.067,3,left_eye_outer,0.49523,0.27064,-0.01348,1.0
62,2.067,4,right_eye_inner,0.5217,0.27152,-0.01701,1.0
62,2.067,5,right_eye,0.52758,0.27005,-0.01583,1.0
62,2.067,6,right_eye_outer,0.53346,0.27064,-0.01348,1.0
62,2.067,7,left_ear,0.49229,0.27593,-0.01054,1.0
62,2.067,8,right_ear,0.5364,0.27593,-0.01054,1.0
62,2.067,9,mouth_left,0.50552,0.28917,-0.01583,1.0
62,2.067,10,mouth_right,0.52317,0.28917,-0.01583,1.0
62,2.067,11,left_shoulder,0.47018,0.34946,0.04849,1.0
62,2.067,12,right_shoulder,0.54671,0.34946,-0.04849,1.0
62,2.067,13,left_elbow,0.40368,0.37202,-0.00493,1.0
62,2.067,14,right_elbow,0.62622,0.32243,-0.02141,1.0
62,2.067,15,left_wrist,0.35541,0.42634,-0.04369,1.0
62,2.067,16,right_wrist,0.67999,0.38206,-0.0031,1.0
62,2.067,17,left_pinky,0.33548,0.44379,-0.05615,1.0
62,2.067,18,right_pinky,0.69286,0.40122,0.00279,1.0
62,2.067,19,left_index,0.34258,0.44573,-0.05754,1.0
62,2.067,20,right_index,0.7036,0.40335,0.00344,1.0
62,2.067,21,left_thumb,0.34507,0.43209,-0.05641,1.0
62,2.067,22,right_thumb,0.69151,0.38895,-0.00359,1.0
62,2.067,23,left_hip,0.47771,0.49652,-0.0,1.0
62,2.067,24,right_hip,0.53918,0.49652,-0.0,1.0
62,2.067,25,left_knee,0.49286,0.62179,-0.02397,1.0
62,2.067,26,right_knee,0.54845,0.62179,-0.02397,1.0
62,2.067,27,left_ankle,0.48359,0.73529,-0.00294,1.0
62,2.067,28,right_ankle,0.5333,0.73529,-0.00294,1.0
62,2.067,29,left_heel,0.48359,0.74412,0.01471,1.0
62,2.067,30,right_heel,0.5333,0.74412,0.01471,1.0
62,2.067,31,left_foot_index,0.48359,0.75735,-0.03235,1.0
62,2.067,32,right_foot_index,0.5333,0.75735,-0.03235,1.0
63,2.1,0,nose,0.51429,0.27884,-0.01341,1.0
63,2.1,1,left_eye_inner,0.50693,0.27148,-0.01694,1.0
63,2.1,2,left_eye,0.50105,0.27001,-0.01576,1.0
63,2.1,3,left_eye_outer,0.49517,0.2706,-0.01341,1.0
63,2.1,4,right_eye_inner,0.52164,0.27148,-0.01694,1.0
63,2.1,5,right_eye,0.52752,0.27001,-0.01576,1.0
63,2.1,6,right_eye_outer,0.5334,0.2706,-0.01341,1.0
63,2.1,7,left_ear,0.49223,0.2759,-0.01047,1.0
63,2.1,8,right_ear,0.53635,0.2759,-0.01047,1.0
63,2.1,9,mouth_left,0.50546,0.28913,-0.01576,1.0
63,2.1,10,mouth_right,0.52311,0.28913,-0.01576,1.0
63,2.1,11,left_shoulder,0.46879,0.34943,0.04752,1.0
63,2.1,12,right_shoulder,0.5477,0.34943,-0.04752,1.0
63,2.1,13,left_elbow,0.40396,0.37237,-0.00776,1.0
63,2.1,14,right_elbow,0.62905,0.32411,-0.02456,1.0
63,2.1,15,left_wrist,0.35702,0.42693,-0.04779,1.0
63,2.1,16,right_wrist,0.68351,0.38395,-0.0092,1.0
63,2.1,17,left_pinky,0.33752,0.44447,-0.06066,1.0
63,2.1,18,right_pinky,0.6966,0.40318,-0.00426,1.0
63,2.1,19,left_index,0.34467,0.44642,-0.06209,1.0
63,2.1,20,right_index,0.70737,0.40532,-0.00371,1.0
63,2.1,21,left_thumb,0.34696,0.43274,-0.06078,1.0
63,2.1,22,right_thumb,0.69518,0.39089,-0.01032,1.0
63,2.1,23,left_hip,0.47751,0.49648,-0.0,1.0
63,2.1,24,right_hip,0.53898,0.49648,-0.0,1.0
63,2.1,25,left_knee,0.49265,0.62177,-0.02396,1.0
63,2.1,26,right_knee,0.54823,0.62177,-0.02396,1.0
63,2.1,27,left_ankle,0.48339,0.73529,-0.00294,1.0
63,2.1,28,right_ankle,0.5331,0.73529,-0.00294,1.0
63,2.1,29,left_heel,0.48339,0.74412,0.01471,1.0
63,2.1,30,right_heel,0.5331,0.74412,0.01471,1.0
63,2.1,31,left_foot_index,0.48339,0.75735,-0.03235,1.0
63,2.1,32,right_foot_index,0.5331,0.75735,-0.03235,1.0
64,2.133,0,nose,0.51422,0.27879,-0.01332,1.0
64,2.133,1,left_eye_inner,0.50686,0.27144,-0.01685,1.0
64,2.133,2,left_eye,0.50098,0.26997,-0.01567,1.0
64,2.133,3,left_eye_outer,0.4951,0.27056,-0.01332,1.0
64,2.133,4,right_eye_inner,0.52157,0.27144,-0.01685,1.0
64,2.133,5,right_eye,0.52745,0.26997,-0.01567,1.0
64,2.133,6,right_eye_outer,0.53333,0.27056,-0.01332,1.0
64,2.133,7,left_ear,0.49216,0.27585,-0.01038,1.0
64,2.133,8,right_ear,0.53628,0.27585,-0.01038,1.0
64,2.133,9,mouth_left,0.50539,0.28909,-0.01567,1.0
64,2.133,10,mouth_right,0.52304,0.28909,-0.01567,1.0
64,2.133,11,left_shoulder,0.46718,0.34938,0.04634,1.0
64,2.133,12,right_shoulder,0.54884,0.34938,-0.04634,1.0
64,2.133,13,left_elbow,0.40439,0.37279,-0.01107,1.0
64,2.133,14,right_elbow,0.63204,0.32611,-0.0284,1.0
64,2.133,15,left_wrist,0.35906,0.42763,-0.05253,1.0
64,2.133,16,right_wrist,0.68709,0.3862,-0.01654,1.0
64,2.133,17,left_pinky,0.34008,0.44526,-0.06586,1.0
64,2.133,18,right_pinky,0.70038,0.40551,-0.01272,1.0
64,2.133,19,left_index,0.34728,0.44722,-0.06734,1.0
64,2.133,20,right_index,0.71117,0.40766,-0.0123,1.0
64,2.133,21,left_thumb,0.34935,0.4335,-0.06583,1.0
64,2.133,22,right_thumb,0.69889,0.39319,-0.01841,1.0
64,2.133,23,left_hip,0.47727,0.49644,-0.0,1.0
64,2.133,24,right_hip,0.53874,0.49644,-0.0,1.0
64,2.133,25,left_knee,0.49239,0.62175,-0.02394,1.0
64,2.133,26,right_knee,0.54798,0.62175,-0.02394,1.0
64,2.133,27,left_ankle,0.48316,0.73529,-0.00294,1.0
64,2.133,28,right_ankle,0.53286,0.73529,-0.00294,1.0
64,2.133,29,left_heel,0.48316,0.74412,0.01471,1.0
64,2.133,30,right_heel,0.53286,0.74412,0.01471,1.0
64,2.133,31,left_foot_index,0.48316,0.75735,-0.03235,1.0
64,2.133,32,right_foot_index,0.53286,0.75735,-0.03235,1.0
65,2.167,0,nose,0.51413,0.27875,-0.01321,1.0
65,2.167,1,left_eye_inner,0.50678,0.27139,-0.01674,1.0
65,2.167,2,left_eye,0.5009,0.26992,-0.01556,1.0
65,2.167,3,left_eye_outer,0.49502,0.27051,-0.01321,1.0
65,2.167,4,right_eye_inner,0.52149,0.27139,-0.01674,1.0
65,2.167,5,right_eye,0.52737,0.26992,-0.01556,1.0
65,2.167,6,right_eye_outer,0.53325,0.27051,-0.01321,1.0
65,2.167,7,left_ear,0.49208,0.27581,-0.01027,1.0
65,2.167,8,right_ear,0.53619,0.27581,-0.01027,1.0
65,2.167,9,mouth_left,0.50531,0.28904,-0.01556,1.0
65,2.167,10,mouth_right,0.52296,0.28904,-0.01556,1.0
65,2.167,11,left_shoulder,0.46538,0.34933,0.04495,1.0
65,2.167,12,right_shoulder,0.5501,0.34933,-0.04495,1.0
65,2.167,13,left_elbow,0.40502,0.37325,-0.01479,1.0
65,2.167,14,right_elbow,0.63496,0.32839,-0.0329,1.0
65,2.167,15,left_wrist,0.36156,0.42842,-0.0578,1.0
65,2.167,16,right_wrist,0.6904,0.38878,-0.02503,1.0
65,2.167,17,left_pinky,0.34318,0.44616,-0.07162,1.0
65,2.167,18,right_pinky,0.70381,0.40819,-0.0225,1.0
65,2.167,19,left_index,0.35045,0.44813,-0.07316,1.0
65,2.167,20,right_index,0.71461,0.41034,-0.02222,1.0
65,2.167,21,left_thumb,0.35225,0.43436,-0.07143,1.0
65,2.167,22,right_thumb,0.70228,0.39583,-0.02776,1.0
65,2.167,23,left_hip,0.47701,0.49639,-0.0,1.0
65,2.167,24,right_hip,0.53848,0.49639,-0.0,1.0
65,2.167,25,left_knee,0.49211,0.62173,-0.02392,1.0
65,2.167,26,right_knee,0.5477,0.62173,-0.02392,1.0
65,2.167,27,left_ankle,0.48289,0.73529,-0.00294,1.0
65,2.167,28,right_ankle,0.53259,0.73529,-0.00294,1.0
65,2.167,29,left_heel,0.48289,0.74412,0.01471,1.0
65,2.167,30,right_heel,0.53259,0.74412,0.01471,1.0
65,2.167,31,left_foot_index,0.48289,0.75735,-0.03235,1.0
65,2.167,32,right_foot_index,0.53259,0.75735,-0.03235,1.0
66,2.2,0,nose,0.51404,0.27869,-0.01308,1.0
66,2.2,1,left_eye_inner,0.50669,0.27134,-0.01661,1.0
66,2.2,2,left_eye,0.5008,0.26987,-0.01543,1.0
66,2.2,3,left_eye_outer,0.49492,0.27046,-0.01308,1.0
66,2.2,4,right_eye_inner,0.52139,0.27134,-0.01661,1.0
66,2.2,5,right_eye,0.52728,0.26987,-0.01543,1.0
66,2.2,6,right_eye_outer,0.53316,0.27046,-0.01308,1.0
66,2.2,7,left_ear,0.49198,0.27575,-0.01014,1.0
66,2.2,8,right_ear,0.5361,0.27575,-0.01014,1.0
66,2.2,9,mouth_left,0.50522,0.28899,-0.01543,1.0
66,2.2,10,mouth_right,0.52286,0.28899,-0.01543,1.0
66,2.2,11,left_shoulder,0.46345,0.34928,0.04336,1.0
66,2.2,12,right_shoulder,0.55144,0.34928,-0.04336,1.0
66,2.2,13,left_elbow,0.40587,0.37377,-0.01885,1.0
66,2.2,14,right_elbow,0.63758,0.33094,-0.03801,1.0
66,2.2,15,left_wrist,0.36455,0.4293,-0.06348,1.0
66,2.2,16,right_wrist,0.6931,0.39166,-0.03456,1.0
66,2.2,17,left_pinky,0.34686,0.44715,-0.07782,1.0
66,2.2,18,right_pinky,0.70654,0.41118,-0.03345,1.0
66,2.2,19,left_index,0.35421,0.44913,-0.07942,1.0
66,2.2,20,right_index,0.71734,0.41335,-0.03333,1.0
66,2.2,21,left_thumb,0.3557,0.43532,-0.07745,1.0
66,2.2,22,right_thumb,0.705,0.39879,-0.03823,1.0
66,2.2,23,left_hip,0.47671,0.49634,-0.0,1.0
66,2.2,24,right_hip,0.53818,0.49634,-0.0,1.0
66,2.2,25,left_knee,0.49179,0.6217,-0.0239,1.0
66,2.2,26,right_knee,0.54738,0.6217,-0.0239,1.0
66,2.2,27,left_ankle,0.48259,0.73529,-0.00294,1.0
66,2.2,28,right_ankle,0.5323,0.73529,-0.00294,1.0
66,2.2,29,left_heel,0.48259,0.74412,0.01471,1.0
66,2.2,30,right_heel,0.5323,0.74412,0.01471,1.0
66,2.2,31,left_foot_index,0.48259,0.75735,-0.03235,1.0
66,2.2,32,right_foot_index,0.5323,0.75735,-0.03235,1.0
67,2.233,0,nose,0.51393,0.27863,-0.01293,1.0
67,2.233,1,left_eye_inner,0.50658,0.27128,-0.01646,1.0
67,2.233,2,left_eye,0.5007,0.26981,-0.01529,1.0
67,2.233,3,left_eye_outer,0.49482,0.2704,-0.01293,1.0
67,2.233,4,right_eye_inner,0.52129,0.27128,-0.01646,1.0
67,2.233,5,right_eye,0.52717,0.26981,-0.01529,1.0
67,2.233,6,right_eye_outer,0.53305,0.2704,-0.01293,1.0
67,2.233,7,left_ear,0.49187,0.27569,-0.00999,1.0
67,2.233,8,right_ear,0.53599,0.27569,-0.00999,1.0
67,2.233,9,mouth_left,0.50511,0.28893,-0.01529,1.0
67,2.233,10,mouth_right,0.52276,0.28893,-0.01529,1.0
67,2.233,11,left_shoulder,0.46142,0.34922,0.04155,1.0
67,2.233,12,right_shoulder,0.55282,0.34922,-0.04155,1.0
67,2.233,13,left_elbow,0.40697,0.37433,-0.02318,1.0
67,2.233,14,right_elbow,0.63966,0.33373,-0.04363,1.0
67,2.233,15,left_wrist,0.36805,0.43024,-0.06945,1.0
67,2.233,16,right_wrist,0.69486,0.39483,-0.04495,1.0
67,2.233,17,left_pinky,0.35113,0.44822,-0.08432,1.0
67,2.233,18,right_pinky,0.70819,0.41447,-0.04537,1.0
67,2.233,19,left_index,0.35856,0.45021,-0.08598,1.0
67,2.233,20,right_index,0.71899,0.41665,-0.04542,1.0
67,2.233,21,left_thumb,0.35971,0.43634,-0.08378,1.0
67,2.233,22,right_thumb,0.70669,0.40204,-0.04964,1.0
67,2.233,23,left_hip,0.47639,0.49628,-0.0,1.0
67,2.233,24,right_hip,0.53786,0.49628,-0.0,1.0
67,2.233,25,left_knee,0.49144,0.62167,-0.02388,1.0
67,2.233,26,right_knee,0.54703,0.62167,-0.02388,1.0
67,2.233,27,left_ankle,0.48227,0.73529,-0.00294,1.0
67,2.233,28,right_ankle,0.53198,0.73529,-0.00294,1.0
67,2.233,29,left_heel,0.48227,0.74412,0.01471,1.0
67,2.233,30,right_heel,0.53198,0.74412,0.01471,1.0
67,2.233,31,left_foot_index,0.48227,0.75735,-0.03235,1.0
67,2.233,32,right_foot_index,0.53198,0.75735,-0.03235,1.0
68,2.267,0,nose,0.51381,0.27857,-0.01276,1.0
68,2.267,1,left_eye_inner,0.50646,0.27122,-0.01629,1.0
68,2.267,2,left_eye,0.50058,0.26975,-0.01512,1.0
68,2.267,3,left_eye_outer,0.4947,0.27034,-0.01276,1.0
68,2.267,4,right_eye_inner,0.52117,0.27122,-0.01629,1.0
68,2.267,5,right_eye,0.52705,0.26975,-0.01512,1.0
68,2.267,6,right_eye_outer,0.53293,0.27034,-0.01276,1.0
68,2.267,7,left_ear,0.49175,0.27563,-0.00982,1.0
68,2.267,8,right_ear,0.53587,0.27563,-0.00982,1.0
68,2.267,9,mouth_left,0.50499,0.28887,-0.01512,1.0
68,2.267,10,mouth_right,0.52264,0.28887,-0.01512,1.0
68,2.267,11,left_shoulder,0.45933,0.34916,0.03955,1.0
68,2.267,12,right_shoulder,0.55422,0.34916,-0.03955,1.0
68,2.267,13,left_elbow,0.40836,0.37493,-0.02771,1.0
68,2.267,14,right_elbow,0.64099,0.33674,-0.04964,1.0
68,2.267,15,left_wrist,0.37207,0.43125,-0.0756,1.0
68,2.267,16,right_wrist,0.69538,0.39825,-0.05597,1.0
68,2.267,17,left_pinky,0.356,0.44935,-0.09099,1.0
68,2.267,18,right_pinky,0.70845,0.41802,-0.05801,1.0
68,2.267,19,left_index,0.36353,0.45136,-0.0927,1.0
68,2.267,20,right_index,0.71922,0.42022,-0.05823,1.0
68,2.267,21,left_thumb,0.3643,0.43744,-0.09027,1.0
68,2.267,22,right_thumb,0.70703,0.40555,-0.06174,1.0
68,2.267,23,left_hip,0.47604,0.49622,-0.0,1.0
68,2.267,24,right_hip,0.53751,0.49622,-0.0,1.0
68,2.267,25,left_knee,0.49107,0.62164,-0.02386,1.0
68,2.267,26,right_knee,0.54666,0.62164,-0.02386,1.0
68,2.267,27,left_ankle,0.48192,0.73529,-0.00294,1.0
68,2.267,28,right_ankle,0.53163,0.73529,-0.00294,1.0
68,2.267,29,left_heel,0.48192,0.74412,0.01471,1.0
68,2.267,30,right_heel,0.53163,0.74412,0.01471,1.0
68,2.267,31,left_foot_index,0.48192,0.75735,-0.03235,1.0
68,2.267,32,right_foot_index,0.53163,0.75735,-0.03235,1.0
69,2.3,0,nose,0.51368,0.27851,-0.01258,1.0
69,2.3,1,left_eye_inner,0.50633,0.27115,-0.0161,1.0
69,2.3,2,left_eye,0.50044,0.26968,-0.01493,1.0
69,2.3,3,left_eye_outer,0.49456,0.27027,-0.01258,1.0
69,2.3,4,right_eye_inner,0.52103,0.27115,-0.0161,1.0
69,2.3,5,right_eye,0.52692,0.26968,-0.01493,1.0
69,2.3,6,right_eye_outer,0.5328,0.27027,-0.01258,1.0
69,2.3,7,left_ear,0.49162,0.27557,-0.00963,1.0
69,2.3,8,right_ear,0.53574,0.27557,-0.00963,1.0
69,2.3,9,mouth_left,0.50486,0.2888,-0.01493,1.0
69,2.3,10,mouth_right,0.5225,0.2888,-0.01493,1.0
69,2.3,11,left_shoulder,0.45722,0.3491,0.03735,1.0
69,2.3,12,right_shoulder,0.5556,0.3491,-0.03735,1.0
69,2.3,13,left_elbow,0.41006,0.37556,-0.03237,1.0
69,2.3,14,right_elbow,0.64138,0.33993,-0.0559,1.0
69,2.3,15,left_wrist,0.37662,0.43231,-0.0818,1.0
69,2.3,16,right_wrist,0.6944,0.40189,-0.06736,1.0
69,2.3,17,left_pinky,0.36145,0.45054,-0.09769,1.0
69,2.3,18,right_pinky,0.70704,0.4218,-0.07105,1.0
69,2.3,19,left_index,0.36908,0.45257,-0.09946,1.0
69,2.3,20,right_index,0.71775,0.42402,-0.07146,1.0
69,2.3,21,left_thumb,0.36945,0.43858,-0.09681,1.0
69,2.3,22,right_thumb,0.70577,0.40928,-0.07423,1.0
69,2.3,23,left_hip,0.47568,0.49615,-0.0,1.0
69,2.3,24,right_hip,0.53715,0.49615,-0.0,1.0
69,2.3,25,left_knee,0.49068,0.62161,-0.02383,1.0
69,2.3,26,right_knee,0.54627,0.62161,-0.02383,1.0
69,2.3,27,left_ankle,0.48156,0.73529,-0.00294,1.0
69,2.3,28,right_ankle,0.53127,0.73529,-0.00294,1.0
69,2.3,29,left_heel,0.48156,0.74412,0.01471,1.0
69,2.3,30,right_heel,0.53127,0.74412,0.01471,1.0
69,2.3,31,left_foot_index,0.48156,0.75735,-0.03235,1.0
69,2.3,32,right_foot_index,0.53127,0.75735,-0.03235,1.0
70,2.333,0,nose,0.51353,0.27844,-0.01237,1.0
70,2.333,1,left_eye_inner,0.50618,0.27109,-0.01589,1.0
70,2.333,2,left_eye,0.5003,0.26962,-0.01472,1.0
70,2.333,3,left_eye_outer,0.49441,0.2702,-0.01237,1.0
70,2.333,4,right_eye_inner,0.52089,0.27109,-0.01589,1.0
70,2.333,5,right_eye,0.52677,0.26962,-0.01472,1.0
70,2.333,6,right_eye_outer,0.53265,0.2702,-0.01237,1.0
70,2.333,7,left_ear,0.49147,0.2755,-0.00942,1.0
70,2.333,8,right_ear,0.53559,0.2755,-0.00942,1.0
70,2.333,9,mouth_left,0.50471,0.28873,-0.01472,1.0
70,2.333,10,mouth_right,0.52236,0.28873,-0.01472,1.0
70,2.333,11,left_shoulder,0.45512,0.34903,0.03497,1.0
70,2.333,12,right_shoulder,0.55694,0.34903,-0.03497,1.0
70,2.333,13,left_elbow,0.41206,0.37622,-0.03708,1.0
70,2.333,14,right_elbow,0.64067,0.34327,-0.0622,1.0
70,2.333,15,left_wrist,0.38166,0.4334,-0.08795,1.0
70,2.333,16,right_wrist,0.69174,0.40571,-0.0788,1.0
70,2.333,17,left_pinky,0.36747,0.45178,-0.1043,1.0
70,2.333,18,right_pinky,0.70375,0.42578,-0.08414,1.0
70,2.333,19,left_index,0.37521,0.45382,-0.10612,1.0
70,2.333,20,right_index,0.71439,0.42801,-0.08473,1.0
70,2.333,21,left_thumb,0.37514,0.43977,-0.10327,1.0
70,2.333,22,right_thumb,0.70269,0.41321,-0.08677,1.0
70,2.333,23,left_hip,0.4753,0.49609,-0.0,1.0
70,2.333,24,right_hip,0.53677,0.49609,-0.0,1.0
70,2.333,25,left_knee,0.49028,0.62157,-0.0238,1.0
70,2.333,26,right_knee,0.54587,0.62157,-0.0238,1.0
70,2.333,27,left_ankle,0.48118,0.73529,-0.00294,1.0
70,2.333,28,right_ankle,0.53088,0.73529,-0.00294,1.0
70,2.333,29,left_heel,0.48118,0.74412,0.01471,1.0
70,2.333,30,right_heel,0.53088,0.74412,0.01471,1.0
70,2.333,31,left_foot_index,0.48118,0.75735,-0.03235,1.0
70,2.333,32,right_foot_index,0.53088,0.75735,-0.03235,1.0
71,2.367,0,nose,0.51337,0.27837,-0.01214,1.0
71,2.367,1,left_eye_inner,0.50602,0.27101,-0.01567,1.0
71,2.367,2,left_eye,0.50014,0.26954,-0.01449,1.0
71,2.367,3,left_eye_outer,0.49425,0.27013,-0.01214,1.0
71,2.367,4,right_eye_inner,0.52072,0.27101,-0.01567,1.0
71,2.367,5,right_eye,0.52661,0.26954,-0.01449,1.0
71,2.367,6,right_eye_outer,0.53249,0.27013,-0.01214,1.0
71,2.367,7,left_ear,0.49131,0.27543,-0.00919,1.0
71,2.367,8,right_ear,0.53543,0.27543,-0.00919,1.0
71,2.367,9,mouth_left,0.50455,0.28866,-0.01449,1.0
71,2.367,10,mouth_right,0.52219,0.28866,-0.01449,1.0
71,2.367,11,left_shoulder,0.45308,0.34896,0.03243,1.0
71,2.367,12,right_shoulder,0.5582,0.34896,-0.03243,1.0
71,2.367,13,left_elbow,0.41438,0.3769,-0.04178,1.0
71,2.367,14,right_elbow,0.63877,0.34674,-0.06834,1.0
71,2.367,15,left_wrist,0.38717,0.43452,-0.09394,1.0
71,2.367,16,right_wrist,0.68729,0.40968,-0.08996,1.0
71,2.367,17,left_pinky,0.37402,0.45305,-0.11071,1.0
71,2.367,18,right_pinky,0.69847,0.42991,-0.09691,1.0
71,2.367,19,left_index,0.38187,0.4551,-0.11257,1.0
71,2.367,20,right_index,0.70903,0.43215,-0.09768,1.0
71,2.367,21,left_thumb,0.38135,0.44099,-0.10953,1.0
71,2.367,22,right_thumb,0.69768,0.41728,-0.099,1.0
71,2.367,23,left_hip,0.4749,0.49601,-0.0,1.0
71,2.367,24,right_hip,0.53637,0.49601,-0.0,1.0
71,2.367,25,left_knee,0.48986,0.62154,-0.02378,1.0
71,2.367,26,right_knee,0.54544,0.62154,-0.02378,1.0
71,2.367,27,left_ankle,0.48079,0.73529,-0.00294,1.0
71,2.367,28,right_ankle,0.53049,0.73529,-0.00294,1.0
71,2.367,29,left_heel,0.48079,0.74412,0.01471,1.0
71,2.367,30,right_heel,0.53049,0.74412,0.01471,1.0
71,2.367,31,left_foot_index,0.48079,0.75735,-0.03235,1.0
71,2.367,32,right_foot_index,0.53049,0.75735,-0.03235,1.0
72,2.4,0,nose,0.51319,0.2783,-0.01189,1.0
72,2.4,1,left_eye_inner,0.50584,0.27094,-0.01542,1.0
72,2.4,2,left_eye,0.49996,0.26947,-0.01424,1.0
72,2.4,3,left_eye_outer,0.49408,0.27006,-0.01189,1.0
72,2.4,4,right_eye_inner,0.52055,0.27094,-0.01542,1.0
72,2.4,5,right_eye,0.52643,0.26947,-0.01424,1.0
72,2.4,6,right_eye_outer,0.53231,0.27006,-0.01189,1.0
72,2.4,7,left_ear,0.49114,0.27535,-0.00895,1.0
72,2.4,8,right_ear,0.53525,0.27535,-0.00895,1.0
72,2.4,9,mouth_left,0.50437,0.28859,-0.01424,1.0
72,2.4,10,mouth_right,0.52202,0.28859,-0.01424,1.0
72,2.4,11,left_shoulder,0.45111,0.34888,0.02975,1.0
72,2.4,12,right_shoulder,0.55936,0.34888,-0.02975,1.0
72,2.4,13,left_elbow,0.41699,0.37759,-0.04639,1.0
72,2.4,14,right_elbow,0.63563,0.3503,-0.0741,1.0
72,2.4,15,left_wrist,0.39312,0.43567,-0.09967,1.0
72,2.4,16,right_wrist,0.68101,0.41375,-0.10048,1.0
72,2.4,17,left_pinky,0.38103,0.45433,-0.1168,1.0
72,2.4,18,right_pinky,0.69119,0.43415,-0.10896,1.0
72,2.4,19,left_index,0.389,0.45641,-0.1187,1.0
72,2.4,20,right_index,0.70163,0.43642,-0.1099,1.0
72,2.4,21,left_thumb,0.388,0.44223,-0.1155,1.0
72,2.4,22,right_thumb,0.69074,0.42147,-0.11055,1.0
72,2.4,23,left_hip,0.4745,0.49594,-0.0,1.0
72,2.4,24,right_hip,0.53597,0.49594,-0.0,1.0
72,2.4,25,left_knee,0.48942,0.6215,-0.02375,1.0
72,2.4,26,right_knee,0.54501,0.6215,-0.02375,1.0
72,2.4,27,left_ankle,0.48038,0.73529,-0.00294,1.0
72,2.4,28,right_ankle,0.53009,0.73529,-0.00294,1.0
72,2.4,29,left_heel,0.48038,0.74412,0.01471,1.0
72,2.4,30,right_heel,0.53009,0.74412,0.01471,1.0
72,2.4,31,left_foot_index,0.48038,0.75735,-0.03235,1.0
72,2.4,32,right_foot_index,0.53009,0.75735,-0.03235,1.0
73,2.433,0,nose,0.513,0.27822,-0.01162,1.0
73,2.433,1,left_eye_inner,0.50565,0.27087,-0.01515,1.0
73,2.433,2,left_eye,0.49977,0.2694,-0.01398,1.0
73,2.433,3,left_eye_outer,0.49389,0.26999,-0.01162,1.0
73,2.433,4,right_eye_inner,0.52036,0.27087,-0.01515,1.0
73,2.433,5,right_eye,0.52624,0.2694,-0.01398,1.0
73,2.433,6,right_eye_outer,0.53212,0.26999,-0.01162,1.0
73,2.433,7,left_ear,0.49094,0.27528,-0.00868,1.0
73,2.433,8,right_ear,0.53506,0.27528,-0.00868,1.0
73,2.433,9,mouth_left,0.50418,0.28852,-0.01398,1.0
73,2.433,10,mouth_right,0.52183,0.28852,-0.01398,1.0
73,2.433,11,left_shoulder,0.44925,0.34881,0.02695,1.0
73,2.433,12,right_shoulder,0.5604,0.34881,-0.02695,1.0
73,2.433,13,left_elbow,0.41989,0.37829,-0.05086,1.0
73,2.433,14,right_elbow,0.63128,0.35391,-0.07926,1.0
73,2.433,15,left_wrist,0.39943,0.43682,-0.10506,1.0
73,2.433,16,right_wrist,0.67299,0.4179,-0.11004,1.0
73,2.433,17,left_pinky,0.38844,0.45563,-0.12248,1.0
73,2.433,18,right_pinky,0.68198,0.43847,-0.11993,1.0
73,2.433,19,left_index,0.39654,0.45772,-0.12442,1.0
73,2.433,20,right_index,0.6923,0.44075,-0.12103,1.0
73,2.433,21,left_thumb,0.39505,0.44348,-0.12109,1.0
73,2.433,22,right_thumb,0.68193,0.42573,-0.12105,1.0
73,2.433,23,left_hip,0.47409,0.49587,-0.0,1.0
73,2.433,24,right_hip,0.53556,0.49587,-0.0,1.0
73,2.433,25,left_knee,0.48899,0.62146,-0.02372,1.0
73,2.433,26,right_knee,0.54457,0.62146,-0.02372,1.0
73,2.433,27,left_ankle,0.47997,0.73529,-0.00294,1.0
73,2.433,28,right_ankle,0.52968,0.73529,-0.00294,1.0
73,2.433,29,left_heel,0.47997,0.74412,0.01471,1.0
73,2.433,30,right_heel,0.52968,0.74412,0.01471,1.0
73,2.433,31,left_foot_index,0.47997,0.75735,-0.03235,1.0
73,2.433,32,right_foot_index,0.52968,0.75735,-0.03235,1.0
74,2.467,0,nose,0.5128,0.27815,-0.01134,1.0
74,2.467,1,left_eye_inner,0.50545,0.27079,-0.01487,1.0
74,2.467,2,left_eye,0.49956,0.26932,-0.0137,1.0
74,2.467,3,left_eye_outer,0.49368,0.26991,-0.01134,1.0
74,2.467,4,right_eye_inner,0.52015,0.27079,-0.01487,1.0
74,2.467,5,right_eye,0.52603,0.26932,-0.0137,1.0
74,2.467,6,right_eye_outer,0.53192,0.26991,-0.01134,1.0
74,2.467,7,left_ear,0.49074,0.27521,-0.0084,1.0
74,2.467,8,right_ear,0.53486,0.27521,-0.0084,1.0
74,2.467,9,mouth_left,0.50397,0.28844,-0.0137,1.0
74,2.467,10,mouth_right,0.52162,0.28844,-0.0137,1.0
74,2.467,11,left_shoulder,0.44752,0.34874,0.02405,1.0
74,2.467,12,right_shoulder,0.5613,0.34874,-0.02405,1.0
74,2.467,13,left_elbow,0.42303,0.37899,-0.05513,1.0
74,2.467,14,right_elbow,0.62579,0.35754,-0.08363,1.0
74,2.467,15,left_wrist,0.40604,0.43797,-0.11004,1.0
74,2.467,16,right_wrist,0.66337,0.42208,-0.11834,1.0
74,2.467,17,left_pinky,0.39617,0.45693,-0.12769,1.0
74,2.467,18,right_pinky,0.67104,0.44282,-0.1295,1.0
74,2.467,19,left_index,0.40439,0.45904,-0.12965,1.0
74,2.467,20,right_index,0.6812,0.44512,-0.13074,1.0
74,2.467,21,left_thumb,0.4024,0.44473,-0.12622,1.0
74,2.467,22,right_thumb,0.67142,0.43002,-0.13019,1.0
74,2.467,23,left_hip,0.47368,0.49579,-0.0,1.0
74,2.467,24,right_hip,0.53515,0.49579,-0.0,1.0
74,2.467,25,left_knee,0.48854,0.62143,-0.02369,1.0
74,2.467,26,right_knee,0.54413,0.62143,-0.02369,1.0
74,2.467,27,left_ankle,0.47956,0.73529,-0.00294,1.0
74,2.467,28,right_ankle,0.52926,0.73529,-0.00294,1.0
74,2.467,29,left_heel,0.47956,0.74412,0.01471,1.0
74,2.467,30,right_heel,0.52926,0.74412,0.01471,1.0
74,2.467,31,left_foot_index,0.47956,0.75735,-0.03235,1.0
74,2.467,32,right_foot_index,0.52926,0.75735,-0.03235,1.0
75,2.5,0,nose,0.51258,0.27807,-0.01105,1.0
75,2.5,1,left_eye_inner,0.50523,0.27072,-0.01458,1.0
75,2.5,2,left_eye,0.49934,0.26925,-0.0134,1.0
75,2.5,3,left_eye_outer,0.49346,0.26984,-0.01105,1.0
75,2.5,4,right_eye_inner,0.51993,0.27072,-0.01458,1.0
75,2.5,5,right_eye,0.52581,0.26925,-0.0134,1.0
75,2.5,6,right_eye_outer,0.5317,0.26984,-0.01105,1.0
75,2.5,7,left_ear,0.49052,0.27513,-0.00811,1.0
75,2.5,8,right_ear,0.53464,0.27513,-0.00811,1.0
75,2.5,9,mouth_left,0.50376,0.28837,-0.0134,1.0
75,2.5,10,mouth_right,0.5214,0.28837,-0.0134,1.0
75,2.5,11,left_shoulder,0.44595,0.34866,0.02109,1.0
75,2.5,12,right_shoulder,0.56205,0.34866,-0.02109,1.0
75,2.5,13,left_elbow,0.42638,0.37969,-0.05916,1.0
75,2.5,14,right_elbow,0.61931,0.36116,-0.08705,1.0
75,2.5,15,left_wrist,0.41288,0.43912,-0.11455,1.0
75,2.5,16,right_wrist,0.6524,0.42624,-0.12515,1.0
75,2.5,17,left_pinky,0.40412,0.45822,-0.13235,1.0
75,2.5,18,right_pinky,0.65862,0.44716,-0.1374,1.0
75,2.5,19,left_index,0.41246,0.46034,-0.13433,1.0
75,2.5,20,right_index,0.66862,0.44949,-0.13876,1.0
75,2.5,21,left_thumb,0.40998,0.44597,-0.13083,1.0
75,2.5,22,right_thumb,0.65949,0.43431,-0.13773,1.0
75,2.5,23,left_hip,0.47326,0.49572,-0.0,1.0
75,2.5,24,right_hip,0.53473,0.49572,-0.0,1.0
75,2.5,25,left_knee,0.4881,0.62139,-0.02366,1.0
75,2.5,26,right_knee,0.54369,0.62139,-0.02366,1.0
75,2.5,27,left_ankle,0.47915,0.73529,-0.00294,1.0
75,2.5,28,right_ankle,0.52885,0.73529,-0.00294,1.0
75,2.5,29,left_heel,0.47915,0.74412,0.01471,1.0
75,2.5,30,right_heel,0.52885,0.74412,0.01471,1.0
75,2.5,31,left_foot_index,0.47915,0.75735,-0.03235,1.0
75,2.5,32,right_foot_index,0.52885,0.75735,-0.03235,1.0
76,2.533,0,nose,0.51235,0.278,-0.01075,1.0
76,2.533,1,left_eye_inner,0.50499,0.27065,-0.01428,1.0
76,2.533,2,left_eye,0.49911,0.26918,-0.0131,1.0
76,2.533,3,left_eye_outer,0.49323,0.26976,-0.01075,1.0
76,2.533,4,right_eye_inner,0.5197,0.27065,-0.01428,1.0
76,2.533,5,right_eye,0.52558,0.26918,-0.0131,1.0
76,2.533,6,right_eye_outer,0.53147,0.26976,-0.01075,1.0
76,2.533,7,left_ear,0.49029,0.27506,-0.00781,1.0
76,2.533,8,right_ear,0.53441,0.27506,-0.00781,1.0
76,2.533,9,mouth_left,0.50352,0.28829,-0.0131,1.0
76,2.533,10,mouth_right,0.52117,0.28829,-0.0131,1.0
76,2.533,11,left_shoulder,0.44454,0.34859,0.0181,1.0
76,2.533,12,right_shoulder,0.56264,0.34859,-0.0181,1.0
76,2.533,13,left_elbow,0.4299,0.38038,-0.0629,1.0
76,2.533,14,right_elbow,0.61204,0.36473,-0.08941,1.0
76,2.533,15,left_wrist,0.41984,0.44024,-0.11855,1.0
76,2.533,16,right_wrist,0.64037,0.43036,-0.1303,1.0
76,2.533,17,left_pinky,0.4122,0.45948,-0.13645,1.0
76,2.533,18,right_pinky,0.64506,0.45145,-0.14344,1.0
76,2.533,19,left_index,0.42066,0.46162,-0.13843,1.0
76,2.533,20,right_index,0.65489,0.4538,-0.1449,1.0
76,2.533,21,left_thumb,0.41769,0.44719,-0.13489,1.0
76,2.533,22,right_thumb,0.64644,0.43854,-0.14347,1.0
76,2.533,23,left_hip,0.47285,0.49565,-0.0,1.0
76,2.533,24,right_hip,0.53432,0.49565,-0.0,1.0
76,2.533,25,left_knee,0.48766,0.62135,-0.02363,1.0
76,2.533,26,right_knee,0.54325,0.62135,-0.02363,1.0
76,2.533,27,left_ankle,0.47874,0.73529,-0.00294,1.0
76,2.533,28,right_ankle,0.52844,0.73529,-0.00294,1.0
76,2.533,29,left_heel,0.47874,0.74412,0.01471,1.0
76,2.533,30,right_heel,0.52844,0.74412,0.01471,1.0
76,2.533,31,left_foot_index,0.47874,0.75735,-0.03235,1.0
76,2.533,32,right_foot_index,0.52844,0.75735,-0.03235,1.0
77,2.567,0,nose,0.51211,0.27793,-0.01045,1.0
77,2.567,1,left_eye_inner,0.50475,0.27057,-0.01398,1.0
77,2.567,2,left_eye,0.49887,0.2691,-0.0128,1.0
77,2.567,3,left_eye_outer,0.49299,0.26969,-0.01045,1.0
77,2.567,4,right_eye_inner,0.51946,0.27057,-0.01398,1.0
77,2.567,5,right_eye,0.52534,0.2691,-0.0128,1.0
77,2.567,6,right_eye_outer,0.53122,0.26969,-0.01045,1.0
77,2.567,7,left_ear,0.49005,0.27499,-0.00751,1.0
77,2.567,8,right_ear,0.53416,0.27499,-0.00751,1.0
77,2.567,9,mouth_left,0.50328,0.28822,-0.0128,1.0
77,2.567,10,mouth_right,0.52093,0.28822,-0.0128,1.0
77,2.567,11,left_shoulder,0.4433,0.34851,0.01511,1.0
77,2.567,12,right_shoulder,0.56307,0.34851,-0.01511,1.0
77,2.567,13,left_elbow,0.43353,0.38106,-0.06632,1.0
77,2.567,14,right_elbow,0.60419,0.36821,-0.09066,1.0
77,2.567,15,left_wrist,0.42685,0.44134,-0.12203,1.0
77,2.567,16,right_wrist,0.62762,0.43438,-0.13371,1.0
77,2.567,17,left_pinky,0.4203,0.46072,-0.13994,1.0
77,2.567,18,right_pinky,0.63074,0.45566,-0.14755,1.0
77,2.567,19,left_index,0.42888,0.46287,-0.14193,1.0
77,2.567,20,right_index,0.6404,0.45802,-0.14908,1.0
77,2.567,21,left_thumb,0.42542,0.44837,-0.13838,1.0
77,2.567,22,right_thumb,0.63264,0.44268,-0.14735,1.0
77,2.567,23,left_hip,0.47245,0.49557,-0.0,1.0
77,2.567,24,right_hip,0.53392,0.49557,-0.0,1.0
77,2.567,25,left_knee,0.48723,0.62132,-0.02361,1.0
77,2.567,26,right_knee,0.54282,0.62132,-0.02361,1.0
77,2.567,27,left_ankle,0.47833,0.73529,-0.00294,1.0
77,2.567,28,right_ankle,0.52804,0.73529,-0.00294,1.0
77,2.567,29,left_heel,0.47833,0.74412,0.01471,1.0
77,2.567,30,right_heel,0.52804,0.74412,0.01471,1.0
77,2.567,31,left_foot_index,0.47833,0.75735,-0.03235,1.0
77,2.567,32,right_foot_index,0.52804,0.75735,-0.03235,1.0
78,2.6,0,nose,0.51186,0.27786,-0.01014,1.0
78,2.6,1,left_eye_inner,0.5045,0.2705,-0.01367,1.0
78,2.6,2,left_eye,0.49862,0.26903,-0.01249,1.0
78,2.6,3,left_eye_outer,0.49274,0.26962,-0.01014,1.0
78,2.6,4,right_eye_inner,0.51921,0.2705,-0.01367,1.0
78,2.6,5,right_eye,0.52509,0.26903,-0.01249,1.0
78,2.6,6,right_eye_outer,0.53097,0.26962,-0.01014,1.0
78,2.6,7,left_ear,0.4898,0.27491,-0.0072,1.0
78,2.6,8,right_ear,0.53391,0.27491,-0.0072,1.0
78,2.6,9,mouth_left,0.50303,0.28815,-0.01249,1.0
78,2.6,10,mouth_right,0.52068,0.28815,-0.01249,1.0
78,2.6,11,left_shoulder,0.44223,0.34844,0.01215,1.0
78,2.6,12,right_shoulder,0.56335,0.34844,-0.01215,1.0
78,2.6,13,left_elbow,0.43723,0.38172,-0.06941,1.0
78,2.6,14,right_elbow,0.596,0.37157,-0.09079,1.0
78,2.6,15,left_wrist,0.43381,0.44241,-0.12498,1.0
78,2.6,16,right_wrist,0.61452,0.43829,-0.13539,1.0
78,2.6,17,left_pinky,0.42831,0.46191,-0.14284,1.0
78,2.6,18,right_pinky,0.61606,0.45973,-0.14972,1.0
78,2.6,19,left_index,0.43701,0.46408,-0.14483,1.0
78,2.6,20,right_index,0.62554,0.46211,-0.15131,1.0
78,2.6,21,left_thumb,0.43308,0.44953,-0.1413,1.0
78,2.6,22,right_thumb,0.61849,0.4467,-0.14935,1.0
78,2.6,23,left_hip,0.47206,0.4955,-0.0,1.0
78,2.6,24,right_hip,0.53353,0.4955,-0.0,1.0
78,2.6,25,left_knee,0.48681,0.62128,-0.02358,1.0
78,2.6,26,right_knee,0.5424,0.62128,-0.02358,1.0
78,2.6,27,left_ankle,0.47794,0.73529,-0.00294,1.0
78,2.6,28,right_ankle,0.52764,0.73529,-0.00294,1.0
78,2.6,29,left_heel,0.47794,0.74412,0.01471,1.0
78,2.6,30,right_heel,0.52764,0.74412,0.01471,1.0
78,2.6,31,left_foot_index,0.47794,0.75735,-0.03235,1.0
78,2.6,32,right_foot_index,0.52764,0.75735,-0.03235,1.0
79,2.633,0,nose,0.5116,0.27779,-0.00983,1.0
79,2.633,1,left_eye_inner,0.50425,0.27043,-0.01336,1.0
79,2.633,2,left_eye,0.49836,0.26896,-0.01219,1.0
79,2.633,3,left_eye_outer,0.49248,0.26955,-0.00983,1.0
79,2.633,4,right_eye_inner,0.51895,0.27043,-0.01336,1.0
79,2.633,5,right_eye,0.52483,0.26896,-0.01219,1.0
79,2.633,6,right_eye_outer,0.53072,0.26955,-0.00983,1.0
79,2.633,7,left_ear,0.48954,0.27485,-0.00689,1.0
79,2.633,8,right_ear,0.53366,0.27485,-0.00689,1.0
79,2.633,9,mouth_left,0.50278,0.28808,-0.01219,1.0
79,2.633,10,mouth_right,0.52042,0.28808,-0.01219,1.0
79,2.633,11,left_shoulder,0.44135,0.34838,0.00927,1.0
79,2.633,12,right_shoulder,0.56348,0.34838,-0.00927,1.0
79,2.633,13,left_elbow,0.44092,0.38236,-0.07216,1.0
79,2.633,14,right_elbow,0.58772,0.37479,-0.08989,1.0
79,2.633,15,left_wrist,0.44063,0.44343,-0.12741,1.0
79,2.633,16,right_wrist,0.60142,0.44203,-0.13543,1.0
79,2.633,17,left_pinky,0.43613,0.46306,-0.14517,1.0
79,2.633,18,right_pinky,0.60141,0.46364,-0.15006,1.0
79,2.633,19,left_index,0.44494,0.46524,-0.14714,1.0
79,2.633,20,right_index,0.61072,0.46604,-0.15169,1.0
79,2.633,21,left_thumb,0.44057,0.45063,-0.14366,1.0
79,2.633,22,right_thumb,0.60435,0.45055,-0.1496,1.0
79,2.633,23,left_hip,0.47168,0.49543,-0.0,1.0
79,2.633,24,right_hip,0.53315,0.49543,-0.0,1.0
79,2.633,25,left_knee,0.4864,0.62125,-0.02355,1.0
79,2.633,26,right_knee,0.54199,0.62125,-0.02355,1.0
79,2.633,27,left_ankle,0.47756,0.73529,-0.00294,1.0
79,2.633,28,right_ankle,0.52726,0.73529,-0.00294,1.0
79,2.633,29,left_heel,0.47756,0.74412,0.01471,1.0
79,2.633,30,right_heel,0.52726,0.74412,0.01471,1.0
79,2.633,31,left_foot_index,0.47756,0.75735,-0.03235,1.0
79,2.633,32,right_foot_index,0.52726,0.75735,-0.03235,1.0
80,2.667,0,nose,0.51134,0.27772,-0.00954,1.0
80,2.667,1,left_eye_inner,0.50399,0.27037,-0.01307,1.0
80,2.667,2,left_eye,0.4981,0.2689,-0.01189,1.0
80,2.667,3,left_eye_outer,0.49222,0.26949,-0.00954,1.0
80,2.667,4,right_eye_inner,0.51869,0.27037,-0.01307,1.0
80,2.667,5,right_eye,0.52457,0.2689,-0.01189,1.0
80,2.667,6,right_eye_outer,0.53046,0.26949,-0.00954,1.0
80,2.667,7,left_ear,0.48928,0.27478,-0.00659,1.0
80,2.667,8,right_ear,0.5334,0.27478,-0.00659,1.0
80,2.667,9,mouth_left,0.50252,0.28802,-0.01189,1.0
80,2.667,10,mouth_right,0.52016,0.28802,-0.01189,1.0
80,2.667,11,left_shoulder,0.44062,0.34831,0.00648,1.0
80,2.667,12,right_shoulder,0.56347,0.34831,-0.00648,1.0
80,2.667,13,left_elbow,0.44456,0.38296,-0.07457,1.0
80,2.667,14,right_elbow,0.57958,0.37784,-0.08805,1.0
80,2.667,15,left_wrist,0.44721,0.4444,-0.12935,1.0
80,2.667,16,right_wrist,0.58866,0.44558,-0.134,1.0
80,2.667,17,left_pinky,0.44366,0.46415,-0.14695,1.0
80,2.667,18,right_pinky,0.58717,0.46735,-0.14877,1.0
80,2.667,19,left_index,0.45257,0.46634,-0.14891,1.0
80,2.667,20,right_index,0.59632,0.46977,-0.15041,1.0
80,2.667,21,left_thumb,0.44778,0.45168,-0.1455,1.0
80,2.667,22,right_thumb,0.59061,0.45421,-0.14826,1.0
80,2.667,23,left_hip,0.47131,0.49537,-0.0,1.0
80,2.667,24,right_hip,0.53278,0.49537,-0.0,1.0
80,2.667,25,left_knee,0.48601,0.62121,-0.02353,1.0
80,2.667,26,right_knee,0.5416,0.62121,-0.02353,1.0
80,2.667,27,left_ankle,0.47719,0.73529,-0.00294,1.0
80,2.667,28,right_ankle,0.5269,0.73529,-0.00294,1.0
80,2.667,29,left_heel,0.47719,0.74412,0.01471,1.0
80,2.667,30,right_heel,0.5269,0.74412,0.01471,1.0
80,2.667,31,left_foot_index,0.47719,0.75735,-0.03235,1.0
80,2.667,32,right_foot_index,0.5269,0.75735,-0.03235,1.0
81,2.7,0,nose,0.51108,0.27766,-0.00925,1.0
81,2.7,1,left_eye_inner,0.50373,0.27031,-0.01278,1.0
81,2.7,2,left_eye,0.49785,0.26884,-0.0116,1.0
81,2.7,3,left_eye_outer,0.49196,0.26942,-0.00925,1.0
81,2.7,4,right_eye_inner,0.51844,0.27031,-0.01278,1.0
81,2.7,5,right_eye,0.52432,0.26884,-0.0116,1.0
81,2.7,6,right_eye_outer,0.5302,0.26942,-0.00925,1.0
81,2.7,7,left_ear,0.48902,0.27472,-0.00631,1.0
81,2.7,8,right_ear,0.53314,0.27472,-0.00631,1.0
81,2.7,9,mouth_left,0.50226,0.28795,-0.0116,1.0
81,2.7,10,mouth_right,0.51991,0.28795,-0.0116,1.0
81,2.7,11,left_shoulder,0.44006,0.34825,0.00383,1.0
81,2.7,12,right_shoulder,0.56335,0.34825,-0.00383,1.0
81,2.7,13,left_elbow,0.44808,0.38354,-0.07664,1.0
81,2.7,14,right_elbow,0.57179,0.38069,-0.08545,1.0
81,2.7,15,left_wrist,0.45348,0.44531,-0.13083,1.0
81,2.7,16,right_wrist,0.57654,0.4489,-0.13135,1.0
81,2.7,17,left_pinky,0.4508,0.46517,-0.14825,1.0
81,2.7,18,right_pinky,0.57366,0.47083,-0.1461,1.0
81,2.7,19,left_index,0.45982,0.46738,-0.15018,1.0
81,2.7,20,right_index,0.58265,0.47326,-0.14774,1.0
81,2.7,21,left_thumb,0.45464,0.45267,-0.14685,1.0
81,2.7,22,right_thumb,0.57756,0.45764,-0.14559,1.0
81,2.7,23,left_hip,0.47097,0.49531,-0.0,1.0
81,2.7,24,right_hip,0.53244,0.49531,-0.0,1.0
81,2.7,25,left_knee,0.48564,0.62118,-0.0235,1.0
81,2.7,26,right_knee,0.54123,0.62118,-0.0235,1.0
81,2.7,27,left_ankle,0.47685,0.73529,-0.00294,1.0
81,2.7,28,right_ankle,0.52655,0.73529,-0.00294,1.0
81,2.7,29,left_heel,0.47685,0.74412,0.01471,1.0
81,2.7,30,right_heel,0.52655,0.74412,0.01471,1.0
81,2.7,31,left_foot_index,0.47685,0.75735,-0.03235,1.0
81,2.7,32,right_foot_index,0.52655,0.75735,-0.03235,1.0
82,2.733,0,nose,0.51083,0.2776,-0.00897,1.0
82,2.733,1,left_eye_inner,0.50348,0.27025,-0.0125,1.0
82,2.733,2,left_eye,0.49759,0.26878,-0.01133,1.0
82,2.733,3,left_eye_outer,0.49171,0.26937,-0.00897,1.0
82,2.733,4,right_eye_inner,0.51818,0.27025,-0.0125,1.0
82,2.733,5,right_eye,0.52407,0.26878,-0.01133,1.0
82,2.733,6,right_eye_outer,0.52995,0.26937,-0.00897,1.0
82,2.733,7,left_ear,0.48877,0.27466,-0.00603,1.0
82,2.733,8,right_ear,0.53289,0.27466,-0.00603,1.0
82,2.733,9,mouth_left,0.50201,0.2879,-0.01133,1.0
82,2.733,10,mouth_right,0.51965,0.2879,-0.01133,1.0
82,2.733,11,left_shoulder,0.43963,0.34819,0.00135,1.0
82,2.733,12,right_shoulder,0.56313,0.34819,-0.00135,1.0
82,2.733,13,left_elbow,0.45143,0.38407,-0.07839,1.0
82,2.733,14,right_elbow,0.56452,0.38331,-0.08228,1.0
82,2.733,15,left_wrist,0.45934,0.44616,-0.13191,1.0
82,2.733,16,right_wrist,0.5653,0.45197,-0.12775,1.0
82,2.733,17,left_pinky,0.45748,0.46612,-0.14911,1.0
82,2.733,18,right_pinky,0.56114,0.47404,-0.14236,1.0
82,2.733,19,left_index,0.46658,0.46834,-0.15102,1.0
82,2.733,20,right_index,0.56999,0.4765,-0.14398,1.0
82,2.733,21,left_thumb,0.46104,0.45358,-0.14779,1.0
82,2.733,22,right_thumb,0.56547,0.4608,-0.1419,1.0
82,2.733,23,left_hip,0.47064,0.49525,-0.0,1.0
82,2.733,24,right_hip,0.53211,0.49525,-0.0,1.0
82,2.733,25,left_knee,0.4853,0.62115,-0.02348,1.0
82,2.733,26,right_knee,0.54089,0.62115,-0.02348,1.0
82,2.733,27,left_ankle,0.47653,0.73529,-0.00294,1.0
82,2.733,28,right_ankle,0.52623,0.73529,-0.00294,1.0
82,2.733,29,left_heel,0.47653,0.74412,0.01471,1.0
82,2.733,30,right_heel,0.52623,0.74412,0.01471,1.0
82,2.733,31,left_foot_index,0.47653,0.75735,-0.03235,1.0
82,2.733,32,right_foot_index,0.52623,0.75735,-0.03235,1.0
83,2.767,0,nose,0.51059,0.27755,-0.00872,1.0
83,2.767,1,left_eye_inner,0.50324,0.27019,-0.01225,1.0
83,2.767,2,left_eye,0.49735,0.26872,-0.01107,1.0
83,2.767,3,left_eye_outer,0.49147,0.26931,-0.00872,1.0
83,2.767,4,right_eye_inner,0.51794,0.27019,-0.01225,1.0
83,2.767,5,right_eye,0.52382,0.26872,-0.01107,1.0
83,2.767,6,right_eye_outer,0.52971,0.26931,-0.00872,1.0
83,2.767,7,left_ear,0.48853,0.27461,-0.00578,1.0
83,2.767,8,right_ear,0.53265,0.27461,-0.00578,1.0
83,2.767,9,mouth_left,0.50177,0.28784,-0.01107,1.0
83,2.767,10,mouth_right,0.51941,0.28784,-0.01107,1.0
83,2.767,11,left_shoulder,0.43932,0.34814,-0.00093,1.0
83,2.767,12,right_shoulder,0.56284,0.34814,0.00093,1.0
83,2.767,13,left_elbow,0.45455,0.38456,-0.07985,1.0
83,2.767,14,right_elbow,0.5579,0.38569,-0.07876,1.0
83,2.767,15,left_wrist,0.46473,0.44694,-0.13264,1.0
83,2.767,16,right_wrist,0.55513,0.45477,-0.12351,1.0
83,2.767,17,left_pinky,0.4636,0.46699,-0.14961,1.0
83,2.767,18,right_pinky,0.54983,0.47697,-0.13789,1.0
83,2.767,19,left_index,0.47278,0.46922,-0.15149,1.0
83,2.767,20,right_index,0.55856,0.47944,-0.13949,1.0
83,2.767,21,left_thumb,0.46692,0.45442,-0.14836,1.0
83,2.767,22,right_thumb,0.55454,0.46369,-0.13751,1.0
83,2.767,23,left_hip,0.47035,0.49519,-0.0,1.0
83,2.767,24,right_hip,0.53182,0.49519,-0.0,1.0
83,2.767,25,left_knee,0.48498,0.62113,-0.02346,1.0
83,2.767,26,right_knee,0.54057,0.62113,-0.02346,1.0
83,2.767,27,left_ankle,0.47623,0.73529,-0.00294,1.0
83,2.767,28,right_ankle,0.52593,0.73529,-0.00294,1.0
83,2.767,29,left_heel,0.47623,0.74412,0.01471,1.0
83,2.767,30,right_heel,0.52593,0.74412,0.01471,1.0
83,2.767,31,left_foot_index,0.47623,0.75735,-0.03235,1.0
83,2.767,32,right_foot_index,0.52593,0.75735,-0.03235,1.0
84,2.8,0,nose,0.51036,0.2775,-0.00849,1.0
84,2.8,1,left_eye_inner,0.50301,0.27015,-0.01202,1.0
84,2.8,2,left_eye,0.49713,0.26868,-0.01084,1.0
84,2.8,3,left_eye_outer,0.49125,0.26926,-0.00849,1.0
84,2.8,4,right_eye_inner,0.51772,0.27015,-0.01202,1.0
84,2.8,5,right_eye,0.5236,0.26868,-0.01084,1.0
84,2.8,6,right_eye_outer,0.52948,0.26926,-0.00849,1.0
84,2.8,7,left_ear,0.4883,0.27456,-0.00555,1.0
84,2.8,8,right_ear,0.53242,0.27456,-0.00555,1.0
84,2.8,9,mouth_left,0.50154,0.28779,-0.01084,1.0
84,2.8,10,mouth_right,0.51919,0.28779,-0.01084,1.0
84,2.8,11,left_shoulder,0.43912,0.34809,-0.00299,1.0
84,2.8,12,right_shoulder,0.56251,0.34809,0.00299,1.0
84,2.8,13,left_elbow,0.4574,0.38499,-0.08103,1.0
84,2.8,14,right_elbow,0.55205,0.38781,-0.0751,1.0
84,2.8,15,left_wrist,0.46959,0.44763,-0.13309,1.0
84,2.8,16,right_wrist,0.54617,0.45726,-0.11896,1.0
84,2.8,17,left_pinky,0.46909,0.46777,-0.14982,1.0
84,2.8,18,right_pinky,0.53987,0.47958,-0.13306,1.0
84,2.8,19,left_index,0.47835,0.47,-0.15168,1.0
84,2.8,20,right_index,0.54849,0.48206,-0.13463,1.0
84,2.8,21,left_thumb,0.4722,0.45517,-0.14865,1.0
84,2.8,22,right_thumb,0.54492,0.46626,-0.13277,1.0
84,2.8,23,left_hip,0.47008,0.49515,-0.0,1.0
84,2.8,24,right_hip,0.53155,0.49515,-0.0,1.0
84,2.8,25,left_knee,0.48469,0.6211,-0.02344,1.0
84,2.8,26,right_knee,0.54028,0.6211,-0.02344,1.0
84,2.8,27,left_ankle,0.47596,0.73529,-0.00294,1.0
84,2.8,28,right_ankle,0.52567,0.73529,-0.00294,1.0
84,2.8,29,left_heel,0.47596,0.74412,0.01471,1.0
84,2.8,30,right_heel,0.52567,0.74412,0.01471,1.0
84,2.8,31,left_foot_index,0.47596,0.75735,-0.03235,1.0
84,2.8,32,right_foot_index,0.52567,0.75735,-0.03235,1.0
85,2.833,0,nose,0.51016,0.27746,-0.00828,1.0
85,2.833,1,left_eye_inner,0.5028,0.2701,-0.01181,1.0
85,2.833,2,left_eye,0.49692,0.26863,-0.01063,1.0
85,2.833,3,left_eye_outer,0.49104,0.26922,-0.00828,1.0
85,2.833,4,right_eye_inner,0.51751,0.2701,-0.01181,1.0
85,2.833,5,right_eye,0.52339,0.26863,-0.01063,1.0
85,2.833,6,right_eye_outer,0.52928,0.26922,-0.00828,1.0
85,2.833,7,left_ear,0.4881,0.27452,-0.00534,1.0
85,2.833,8,right_ear,0.53222,0.27452,-0.00534,1.0
85,2.833,9,mouth_left,0.50133,0.28775,-0.01063,1.0
85,2.833,10,mouth_right,0.51898,0.28775,-0.01063,1.0
85,2.833,11,left_shoulder,0.439,0.34805,-0.0048,1.0
85,2.833,12,right_shoulder,0.56216,0.34805,0.0048,1.0
85,2.833,13,left_elbow,0.45992,0.38538,-0.08197,1.0
85,2.833,14,right_elbow,0.54702,0.38965,-0.07152,1.0
85,2.833,15,left_wrist,0.47384,0.44824,-0.13331,1.0
85,2.833,16,right_wrist,0.53851,0.45943,-0.11442,1.0
85,2.833,17,left_pinky,0.4739,0.46845,-0.14982,1.0
85,2.833,18,right_pinky,0.53136,0.48186,-0.12821,1.0
85,2.833,19,left_index,0.48322,0.47069,-0.15165,1.0
85,2.833,20,right_index,0.53988,0.48435,-0.12974,1.0
85,2.833,21,left_thumb,0.47682,0.45583,-0.14873,1.0
85,2.833,22,right_thumb,0.53669,0.4685,-0.12802,1.0
85,2.833,23,left_hip,0.46984,0.4951,-0.0,1.0
85,2.833,24,right_hip,0.53131,0.4951,-0.0,1.0
85,2.833,25,left_knee,0.48444,0.62108,-0.02342,1.0
85,2.833,26,right_knee,0.54003,0.62108,-0.02342,1.0
85,2.833,27,left_ankle,0.47573,0.73529,-0.00294,1.0
85,2.833,28,right_ankle,0.52543,0.73529,-0.00294,1.0
85,2.833,29,left_heel,0.47573,0.74412,0.01471,1.0
85,2.833,30,right_heel,0.52543,0.74412,0.01471,1.0
85,2.833,31,left_foot_index,0.47573,0.75735,-0.03235,1.0
85,2.833,32,right_foot_index,0.52543,0.75735,-0.03235,1.0
86,2.867,0,nose,0.50998,0.27742,-0.0081,1.0
86,2.867,1,left_eye_inner,0.50263,0.27007,-0.01163,1.0
86,2.867,2,left_eye,0.49674,0.2686,-0.01046,1.0
86,2.867,3,left_eye_outer,0.49086,0.26919,-0.0081,1.0
86,2.867,4,right_eye_inner,0.51733,0.27007,-0.01163,1.0
86,2.867,5,right_eye,0.52321,0.2686,-0.01046,1.0
86,2.867,6,right_eye_outer,0.5291,0.26919,-0.0081,1.0
86,2.867,7,left_ear,0.48792,0.27448,-0.00516,1.0
86,2.867,8,right_ear,0.53204,0.27448,-0.00516,1.0
86,2.867,9,mouth_left,0.50116,0.28772,-0.01046,1.0
86,2.867,10,mouth_right,0.5188,0.28772,-0.01046,1.0
86,2.867,11,left_shoulder,0.43894,0.34801,-0.00633,1.0
86,2.867,12,right_shoulder,0.56182,0.34801,0.00633,1.0
86,2.867,13,left_elbow,0.46207,0.3857,-0.08269,1.0
86,2.867,14,right_elbow,0.54285,0.39119,-0.06824,1.0
86,2.867,15,left_wrist,0.47743,0.44875,-0.13339,1.0
86,2.867,16,right_wrist,0.53219,0.46125,-0.11018,1.0
86,2.867,17,left_pinky,0.47795,0.46902,-0.14969,1.0
86,2.867,18,right_pinky,0.52435,0.48377,-0.12367,1.0
86,2.867,19,left_index,0.48733,0.47127,-0.1515,1.0
86,2.867,20,right_index,0.53279,0.48627,-0.12516,1.0
86,2.867,21,left_thumb,0.48072,0.45638,-0.14867,1.0
86,2.867,22,right_thumb,0.5299,0.47038,-0.12358,1.0
86,2.867,23,left_hip,0.46964,0.49507,-0.0,1.0
86,2.867,24,right_hip,0.53111,0.49507,-0.0,1.0
86,2.867,25,left_knee,0.48423,0.62106,-0.02341,1.0
86,2.867,26,right_knee,0.53982,0.62106,-0.02341,1.0
86,2.867,27,left_ankle,0.47553,0.73529,-0.00294,1.0
86,2.867,28,right_ankle,0.52523,0.73529,-0.00294,1.0
86,2.867,29,left_heel,0.47553,0.74412,0.01471,1.0
86,2.867,30,right_heel,0.52523,0.74412,0.01471,1.0
86,2.867,31,left_foot_index,0.47553,0.75735,-0.03235,1.0
86,2.867,32,right_foot_index,0.52523,0.75735,-0.03235,1.0
87,2.9,0,nose,0.50983,0.27739,-0.00796,1.0
87,2.9,1,left_eye_inner,0.50248,0.27004,-0.01149,1.0
87,2.9,2,left_eye,0.4966,0.26857,-0.01032,1.0
87,2.9,3,left_eye_outer,0.49071,0.26916,-0.00796,1.0
87,2.9,4,right_eye_inner,0.51718,0.27004,-0.01149,1.0
87,2.9,5,right_eye,0.52307,0.26857,-0.01032,1.0
87,2.9,6,right_eye_outer,0.52895,0.26916,-0.00796,1.0
87,2.9,7,left_ear,0.48777,0.27445,-0.00502,1.0
87,2.9,8,right_ear,0.53189,0.27445,-0.00502,1.0
87,2.9,9,mouth_left,0.50101,0.28769,-0.01032,1.0
87,2.9,10,mouth_right,0.51865,0.28769,-0.01032,1.0
87,2.9,11,left_shoulder,0.43892,0.34798,-0.00757,1.0
87,2.9,12,right_shoulder,0.56152,0.34798,0.00757,1.0
87,2.9,13,left_elbow,0.46381,0.38597,-0.08322,1.0
87,2.9,14,right_elbow,0.53958,0.39242,-0.06544,1.0
87,2.9,15,left_wrist,0.48031,0.44917,-0.13337,1.0
87,2.9,16,right_wrist,0.52723,0.46271,-0.10653,1.0
87,2.9,17,left_pinky,0.4812,0.46948,-0.14949,1.0
87,2.9,18,right_pinky,0.51885,0.4853,-0.11974,1.0
87,2.9,19,left_index,0.49062,0.47174,-0.15128,1.0
87,2.9,20,right_index,0.52723,0.48781,-0.12121,1.0
87,2.9,21,left_thumb,0.48385,0.45683,-0.14853,1.0
87,2.9,22,right_thumb,0.52459,0.47189,-0.11975,1.0
87,2.9,23,left_hip,0.46948,0.49504,-0.0,1.0
87,2.9,24,right_hip,0.53095,0.49504,-0.0,1.0
87,2.9,25,left_knee,0.48406,0.62105,-0.0234,1.0
87,2.9,26,right_knee,0.53965,0.62105,-0.0234,1.0
87,2.9,27,left_ankle,0.47537,0.73529,-0.00294,1.0
87,2.9,28,right_ankle,0.52507,0.73529,-0.00294,1.0
87,2.9,29,left_heel,0.47537,0.74412,0.01471,1.0
87,2.9,30,right_heel,0.52507,0.74412,0.01471,1.0
87,2.9,31,left_foot_index,0.47537,0.75735,-0.03235,1.0
87,2.9,32,right_foot_index,0.52507,0.75735,-0.03235,1.0
88,2.933,0,nose,0.50972,0.27737,-0.00786,1.0
88,2.933,1,left_eye_inner,0.50237,0.27002,-0.01139,1.0
88,2.933,2,left_eye,0.49648,0.26855,-0.01021,1.0
88,2.933,3,left_eye_outer,0.4906,0.26914,-0.00786,1.0
88,2.933,4,right_eye_inner,0.51707,0.27002,-0.01139,1.0
88,2.933,5,right_eye,0.52296,0.26855,-0.01021,1.0
88,2.933,6,right_eye_outer,0.52884,0.26914,-0.00786,1.0
88,2.933,7,left_ear,0.48766,0.27443,-0.00492,1.0
88,2.933,8,right_ear,0.53178,0.27443,-0.00492,1.0
88,2.933,9,mouth_left,0.5009,0.28766,-0.01021,1.0
88,2.933,10,mouth_right,0.51854,0.28766,-0.01021,1.0
88,2.933,11,left_shoulder,0.43892,0.34796,-0.00847,1.0
88,2.933,12,right_shoulder,0.56128,0.34796,0.00847,1.0
88,2.933,13,left_elbow,0.4651,0.38616,-0.08358,1.0
88,2.933,14,right_elbow,0.53721,0.39332,-0.06328,1.0
88,2.933,15,left_wrist,0.48243,0.44947,-0.13331,1.0
88,2.933,16,right_wrist,0.52366,0.46378,-0.1037,1.0
88,2.933,17,left_pinky,0.48359,0.46982,-0.1493,1.0
88,2.933,18,right_pinky,0.51489,0.48642,-0.11669,1.0
88,2.933,19,left_index,0.49304,0.47208,-0.15107,1.0
88,2.933,20,right_index,0.52323,0.48894,-0.11813,1.0
88,2.933,21,left_thumb,0.48615,0.45716,-0.14838,1.0
88,2.933,22,right_thumb,0.52075,0.47299,-0.11677,1.0
88,2.933,23,left_hip,0.46936,0.49502,-0.0,1.0
88,2.933,24,right_hip,0.53083,0.49502,-0.0,1.0
88,2.933,25,left_knee,0.48393,0.62104,-0.02339,1.0
88,2.933,26,right_knee,0.53952,0.62104,-0.02339,1.0
88,2.933,27,left_ankle,0.47525,0.73529,-0.00294,1.0
88,2.933,28,right_ankle,0.52495,0.73529,-0.00294,1.0
88,2.933,29,left_heel,0.47525,0.74412,0.01471,1.0
88,2.933,30,right_heel,0.52495,0.74412,0.01471,1.0
88,2.933,31,left_foot_index,0.47525,0.75735,-0.03235,1.0
88,2.933,32,right_foot_index,0.52495,0.75735,-0.03235,1.0
89,2.967,0,nose,0.50965,0.27736,-0.00779,1.0
89,2.967,1,left_eye_inner,0.5023,0.27,-0.01132,1.0
89,2.967,2,left_eye,0.49642,0.26853,-0.01014,1.0
89,2.967,3,left_eye_outer,0.49053,0.26912,-0.00779,1.0
89,2.967,4,right_eye_inner,0.517,0.27,-0.01132,1.0
89,2.967,5,right_eye,0.52289,0.26853,-0.01014,1.0
89,2.967,6,right_eye_outer,0.52877,0.26912,-0.00779,1.0
89,2.967,7,left_ear,0.48759,0.27442,-0.00485,1.0
89,2.967,8,right_ear,0.53171,0.27442,-0.00485,1.0
89,2.967,9,mouth_left,0.50083,0.28765,-0.01014,1.0
89,2.967,10,mouth_right,0.51847,0.28765,-0.01014,1.0
89,2.967,11,left_shoulder,0.43893,0.34795,-0.00904,1.0
89,2.967,12,right_shoulder,0.56113,0.34795,0.00904,1.0
89,2.967,13,left_elbow,0.4659,0.38628,-0.08379,1.0
89,2.967,14,right_elbow,0.53577,0.39387,-0.06191,1.0
89,2.967,15,left_wrist,0.48374,0.44966,-0.13326,1.0
89,2.967,16,right_wrist,0.52148,0.46444,-0.10189,1.0
89,2.967,17,left_pinky,0.48507,0.47003,-0.14915,1.0
89,2.967,18,right_pinky,0.51247,0.48712,-0.11474,1.0
89,2.967,19,left_index,0.49453,0.4723,-0.15092,1.0
89,2.967,20,right_index,0.52079,0.48964,-0.11617,1.0
89,2.967,21,left_thumb,0.48757,0.45736,-0.14827,1.0
89,2.967,22,right_thumb,0.51842,0.47367,-0.11487,1.0
89,2.967,23,left_hip,0.46929,0.495,-0.0,1.0
89,2.967,24,right_hip,0.53076,0.495,-0.0,1.0
89,2.967,25,left_knee,0.48385,0.62103,-0.02338,1.0
89,2.967,26,right_knee,0.53944,0.62103,-0.02338,1.0
89,2.967,27,left_ankle,0.47517,0.73529,-0.00294,1.0
89,2.967,28,right_ankle,0.52488,0.73529,-0.00294,1.0
89,2.967,29,left_heel,0.47517,0.74412,0.01471,1.0
89,2.967,30,right_heel,0.52488,0.74412,0.01471,1.0
89,2.967,31,left_foot_index,0.47517,0.75735,-0.03235,1.0
89,2.967,32,right_foot_index,0.52488,0.75735,-0.03235,1.0
